,TempHighF,TempAvgF,TempLowF,DewPointHighF,DewPointAvgF,DewPointLowF,HumidityHighPercent,HumidityAvgPercent,HumidityLowPercent,SeaLevelPressureAvgInches,VisibilityHighMiles,VisibilityAvgMiles,VisibilityLowMiles,WindHighMPH,WindAvgMPH,WindGustMPH,PrecipitationSumInches
0,23.33,15.56,7.22,19.44,9.44,6.11,93,75,57,29.68,10,7,2,20,4,31,0.46
1,13.33,8.89,3.89,6.11,2.22,-2.22,93,68,43,30.13,10,10,5,16,6,25,0
2,14.44,7.22,0,-0.56,-2.78,-5,76,52,27,30.49,10,10,10,8,3,12,0
3,16.11,7.78,-0.56,2.22,-2.22,-6.11,89,56,22,30.45,10,10,7,12,4,20,0
4,14.44,10,5,6.67,4.44,2.22,86,71,56,30.33,10,10,7,10,2,16,0
5,13.89,8.89,3.89,3.89,2.22,0.56,79,63,47,30.4,10,9,7,12,3,17,0
6,15.56,11.67,7.22,5,3.89,2.78,83,65,47,30.39,10,9,7,7,1,11,0
7,16.67,10.56,4.44,6.11,3.89,0.56,92,64,36,30.17,10,10,7,10,2,14,0
8,17.78,10,2.22,9.44,5,-2.22,92,76,60,30.1,10,10,4,17,5,24,0
9,6.67,4.44,1.67,-0.56,-3.33,-6.11,75,60,45,30.33,10,10,10,13,5,21,0
10,12.78,7.78,2.22,-0.56,-2.22,-5,76,54,32,30.39,10,10,10,8,1,12,0
11,20.56,12.22,3.89,10.56,5.56,-1.11,83,68,52,30.11,10,10,8,13,4,22,0
12,12.78,6.67,0.56,3.89,-3.33,-7.22,83,55,26,30.37,10,10,9,21,8,31,0
13,14.44,6.11,-2.22,2.78,-5.56,-7.78,75,49,22,30.35,10,10,10,14,4,21,0
14,21.67,13.89,5.56,12.78,8.89,3.33,89,68,47,29.95,10,10,8,16,7,28,0
15,15,8.33,1.11,12.22,0,-9.44,87,59,31,30.08,10,10,4,21,10,34,0
16,2.22,-1.67,-5.56,-9.44,-13.33,-16.67,50,38,26,30.68,10,10,10,17,7,27,0
17,8.89,1.67,-5.56,-1.67,-11.67,-15.56,68,43,17,30.52,10,10,10,13,5,22,0
18,11.67,8.33,4.44,10.56,7.22,-1.11,93,75,57,30.2,10,2,1,12,1,18,0.16
19,21.11,16.67,11.67,15.56,12.78,10,93,80,66,30.11,10,4,0,12,3,19,0
20,22.22,18.33,13.89,17.78,16.11,12.22,93,81,68,29.87,10,8,1,13,6,21,0.1
21,23.89,16.67,8.89,12.22,2.78,-6.67,93,53,13,30.06,10,9,5,12,3,19,0
22,19.44,13.89,7.78,14.44,8.33,0.56,84,68,52,30.01,10,10,10,15,4,24,0.01
23,21.67,13.89,6.11,15.56,2.22,-8.33,87,51,14,30.01,10,9,7,17,7,29,0
24,24.44,13.89,2.78,-0.56,-3.89,-6.67,70,41,12,30.13,10,10,10,16,5,29,0
25,17.78,11.11,4.44,-1.67,-5,-8.89,49,35,21,30.33,10,10,10,14,4,21,0
26,22.22,13.33,4.44,-0.56,-2.78,-5,55,38,20,30.13,10,10,10,14,4,20,0
27,17.78,12.22,6.11,-0.56,-6.67,-9.44,45,31,17,30.29,10,10,9,14,5,21,0
28,21.11,12.22,2.78,5,0.56,-5,59,45,31,30.19,10,10,10,12,2,19,0
29,22.22,15,7.22,5,-1.11,-7.78,64,39,14,30.22,10,10,10,9,3,16,0
30,27.78,17.78,7.78,10.56,2.22,-5,71,44,17,30,10,10,10,16,5,26,0
31,17.22,10.56,3.33,-2.22,-5,-7.22,59,39,19,30.31,10,10,10,15,6,25,0
32,21.11,12.22,2.78,3.89,-2.78,-4.44,70,45,19,30.11,10,10,10,12,4,18,0
33,13.33,5.56,-2.78,5.56,-1.67,-6.67,78,64,50,30.47,10,8,2,20,9,31,0.06
34,4.44,0.56,-3.33,-5.56,-8.33,-12.22,81,60,39,30.63,10,9,3,16,5,24,0.05
35,21.11,8.89,-3.33,3.33,-2.78,-5.56,85,53,20,30.19,10,10,8,8,1,14,0
36,24.44,15.56,6.11,7.22,3.89,0.56,76,52,27,29.84,10,10,10,12,3,20,0
37,15.56,8.33,1.11,6.11,-5,-15,66,44,21,30.09,10,10,10,21,9,32,0.02
38,3.89,0.56,-2.78,-7.22,-10,-13.89,69,48,27,30.4,10,10,10,15,6,23,0.05
39,9.44,3.33,-2.78,-7.22,-10.56,-12.78,63,42,21,30.41,10,10,10,15,5,23,0
40,18.33,8.89,-0.56,10.56,2.22,-6.67,80,64,48,30.06,10,10,10,15,7,27,0
41,26.67,20,12.78,15,12.22,10.56,86,64,42,29.87,10,10,9,14,9,25,0
42,24.44,18.89,12.78,16.67,15,5,81,71,60,29.81,10,10,9,14,6,26,0
43,12.78,7.22,1.67,4.44,0.56,-2.78,79,69,59,30.09,10,8,4,18,11,29,0.02
44,7.78,4.44,1.11,3.33,0.56,-2.22,82,74,65,30.17,10,6,3,13,6,17,0
45,17.78,11.67,5.56,7.22,5,3.89,89,68,46,29.95,10,6,2,10,2,18,0.15
46,8.89,4.44,-0.56,5.56,-3.33,-8.89,80,60,39,30.37,10,10,10,16,10,24,0
47,0,-1.67,-3.33,-8.33,-9.44,-10.56,58,54,49,30.48,10,10,10,15,8,23,0
48,3.33,1.11,-1.67,-1.67,-4.44,-8.33,78,68,58,30.32,10,7,2,8,3,12,0
49,18.33,10.56,2.78,5.56,2.22,-1.67,85,63,40,30.17,10,7,3,14,5,21,0
50,24.44,15,5,11.67,7.22,3.33,96,70,44,30.05,10,5,0,13,4,20,0
51,15.56,8.89,1.67,9.44,2.22,-1.11,82,74,66,30.15,10,8,4,15,9,23,0
52,2.22,1.67,0.56,-0.56,-1.67,-2.78,89,80,70,30.24,9,5,1,15,9,23,0.1
53,13.89,7.22,0.56,1.11,-1.67,-2.78,75,57,38,30.18,10,9,7,14,5,22,0
54,20.56,10.56,0,3.33,1.11,-2.22,85,58,30,30.02,10,10,10,10,4,19,0
55,30,19.44,8.33,8.89,2.78,-5.56,86,51,15,29.93,10,10,8,18,6,30,0
56,24.44,15,5.56,11.11,1.67,-5.56,64,43,22,30.09,10,10,10,15,5,23,0
57,24.44,20,15,16.11,13.89,11.67,90,74,57,30.01,10,5,0,13,5,23,0
58,27.22,21.11,14.44,16.67,10,-1.67,87,52,17,30.03,10,8,2,15,5,23,0
59,27.78,20.56,12.78,17.22,11.67,0,78,55,32,30,10,10,9,13,4,20,0
60,27.78,22.78,17.22,16.67,15.56,15,93,70,47,29.85,10,9,2,15,7,25,0
61,28.33,21.11,13.89,17.78,10,-2.78,81,48,15,29.85,10,9,7,16,8,28,0
62,22.22,13.89,5,0.56,-2.78,-5.56,67,43,19,30.11,10,10,10,14,5,20,0
63,25,17.22,8.89,13.89,7.78,-1.11,73,53,32,29.96,10,10,10,14,6,22,0
64,30,23.33,16.67,16.11,13.33,6.67,84,57,29,29.95,10,10,7,15,4,24,0
65,24.44,18.89,12.78,17.22,10.56,6.11,81,65,49,30.04,10,9,5,12,4,18,0
66,21.67,16.67,11.11,18.33,15.56,8.33,93,85,77,30.01,10,4,1,12,5,20,0
67,11.11,6.67,2.22,7.78,0.56,-6.11,83,63,43,30.18,10,8,2,20,8,29,0.11
68,15,7.22,-0.56,0,-2.78,-6.11,82,56,29,30.1,10,10,10,12,3,17,0
69,26.67,16.67,6.67,10,7.78,1.67,83,60,37,29.85,10,10,7,13,6,21,0
70,27.78,20,11.67,18.33,13.89,8.89,93,74,54,29.95,10,7,0,16,5,27,0
71,22.78,10.56,-2.22,19.44,7.22,-6.67,89,79,69,30.05,10,8,2,20,10,37,0.08
72,8.33,2.22,-4.44,-2.78,-6.67,-11.11,75,56,37,30.33,10,9,4,18,10,29,0.08
73,10,4.44,-1.11,2.22,-0.56,-3.33,92,72,52,30.18,10,8,2,9,4,13,0.17
74,11.67,7.78,3.33,6.11,3.89,1.67,86,76,66,30.06,10,7,4,13,3,16,0
75,18.33,12.22,6.11,5.56,3.33,1.67,89,62,34,30.18,10,8,4,13,4,20,0
76,19.44,11.67,3.89,10,5.56,2.22,86,65,44,29.99,10,9,5,16,6,22,0
77,15,11.11,6.67,13.89,9.44,3.89,93,88,83,30.09,10,3,1,14,4,21,0.74
78,14.44,9.44,3.89,7.22,3.89,-0.56,86,71,55,30.29,10,9,2,15,5,23,0.11
79,21.67,16.11,10,13.33,10.56,7.22,84,69,53,30.08,10,9,4,12,3,17,0.01
80,28.33,21.11,13.33,13.33,12.22,11.11,93,66,39,29.77,10,9,4,14,5,22,0
81,21.11,15.56,9.44,10,-2.22,-8.89,56,36,16,30.13,10,10,10,24,11,37,0
82,20,11.11,2.78,4.44,-3.33,-6.67,68,35,21,30.26,10,10,10,9,4,18,0
83,23.89,16.67,9.44,15,10.56,6.11,86,68,49,30.04,10,10,10,13,5,24,0
84,23.33,20,16.67,17.78,16.67,15,93,81,68,29.86,10,5,0,12,4,17,0.07
85,17.78,13.33,8.89,14.44,7.22,0,93,66,39,29.9,10,10,10,24,11,36,0
86,20,12.78,5,-0.56,-3.33,-6.67,53,36,18,29.94,10,10,10,16,6,26,0
87,28.33,18.33,8.33,13.33,5.56,-0.56,73,49,24,29.74,10,10,10,18,8,26,0
88,22.22,16.67,10.56,12.78,2.78,-2.22,80,52,24,30.07,10,9,6,15,6,26,0
89,24.44,15,5.56,4.44,2.22,-0.56,82,52,21,30.15,10,10,10,10,2,15,0
90,26.67,19.44,12.22,15.56,12.22,5,93,69,45,29.95,10,8,0,17,7,27,0
91,25,20.56,16.11,18.33,16.67,10.56,100,80,60,29.95,10,7,1,12,4,17,0
92,16.11,12.22,8.33,10.56,6.11,2.22,72,62,51,30.19,10,10,9,17,9,30,0
93,18.89,14.44,10,8.33,5.56,3.33,72,58,44,30.14,10,10,10,10,3,15,0
94,20.56,13.89,6.67,7.78,3.33,-0.56,93,61,28,30.24,10,10,7,15,5,22,0
95,18.89,15.56,12.22,12.78,8.33,-1.11,78,57,36,30.08,10,10,6,22,10,33,0
96,27.78,22.22,16.11,20,17.22,13.33,100,78,55,29.83,10,7,1,16,8,26,0.01
97,31.67,24.44,17.22,19.44,16.11,9.44,90,64,37,29.79,10,8,2,18,5,27,0
98,25,17.78,10.56,8.89,4.44,-1.11,68,43,18,30.18,10,10,10,13,5,21,0
99,26.11,16.67,7.22,10.56,6.11,3.33,83,56,29,30.13,10,10,10,20,8,30,0
100,29.44,22.78,15.56,16.67,13.89,11.67,90,65,40,29.93,10,10,10,16,9,27,0
101,30,24.44,18.89,19.44,17.78,16.67,93,71,48,29.92,10,8,4,17,8,28,0
102,27.78,24.44,21.11,20.56,19.44,17.22,97,78,58,29.8,10,9,4,16,9,30,0
103,27.78,25,21.67,20.56,19.44,18.89,90,74,58,29.74,10,8,5,14,7,25,0
104,23.33,17.78,12.22,20.56,1.67,-2.22,93,58,22,30.03,10,10,5,17,8,28,0
105,18.33,15.56,12.22,7.78,3.33,0.56,60,48,36,29.99,10,10,10,10,4,17,0
106,16.11,13.89,11.11,10.56,9.44,7.22,96,76,55,29.81,10,7,2,12,5,19,0.2
107,22.22,16.67,11.11,10.56,9.44,8.33,93,69,44,29.92,10,9,2,25,3,57,0.27
108,25,17.78,10,10,3.33,-2.78,96,57,18,30.14,10,10,10,22,8,37,0
109,28.89,18.33,7.22,10.56,5.56,2.78,77,51,24,30.17,10,10,10,13,6,22,0
110,30.56,22.22,13.89,15,11.67,8.89,90,59,27,30.01,10,10,10,17,10,31,0
111,29.44,22.78,16.11,16.11,15,13.33,90,65,40,29.98,10,10,7,16,8,25,0
112,29.44,23.89,18.33,17.22,16.67,15.56,87,66,44,29.91,10,10,9,20,10,30,0
113,25.56,22.78,20,20,18.89,16.11,90,79,67,29.76,10,9,8,18,7,29,0
114,22.78,14.44,6.11,20.56,7.78,0,90,65,39,29.96,10,8,0,22,10,38,1.34
115,18.33,11.11,3.89,0,-3.89,-8.89,59,39,19,30.27,10,10,10,12,4,17,0
116,22.78,13.89,4.44,8.89,4.44,-0.56,76,56,35,30.06,10,10,10,16,7,26,0
117,19.44,16.67,13.33,16.11,13.89,9.44,97,85,72,30.09,10,7,1,10,4,15,0.06
118,25.56,20.56,15,16.11,13.89,10.56,93,68,43,30.17,10,6,2,9,2,16,0.01
119,25.56,18.89,12.22,13.33,12.22,11.11,93,68,43,30.12,10,9,4,13,5,19,0
120,23.89,20,16.11,17.22,15,12.78,97,77,57,30.1,10,8,2,12,6,19,0
121,28.89,23.33,17.78,18.33,17.22,13.89,93,72,51,30.01,10,9,2,14,5,25,0.01
122,30.56,23.89,17.22,17.22,14.44,12.78,87,61,35,29.96,10,10,10,12,3,20,0
123,30.56,22.78,15,17.78,16.11,13.89,90,68,46,29.85,10,10,10,17,7,29,0
124,31.11,25.56,19.44,18.89,16.67,6.67,87,63,38,29.82,10,10,9,16,5,26,0
125,31.11,24.44,17.22,17.78,12.22,7.22,68,51,34,29.92,10,10,10,12,6,20,0
126,30,25,20,20.56,18.89,16.67,90,73,55,29.78,10,6,2,16,8,28,0
127,35.56,29.44,22.78,21.11,18.89,5,87,51,15,29.55,10,6,3,14,6,24,0
128,33.89,26.67,18.89,20.56,3.89,-3.89,67,39,10,29.61,10,10,7,14,4,22,0
129,28.89,22.22,15.56,7.78,1.11,-5.56,60,36,11,29.77,10,10,10,17,7,28,0
130,23.89,18.89,13.89,3.33,0.56,-0.56,42,32,21,30.08,10,10,10,16,6,28,0
131,25,18.33,11.11,6.11,0.56,-3.89,63,39,15,30.12,10,10,10,10,3,18,0
132,28.33,21.11,13.33,4.44,1.67,-2.78,51,33,14,30.02,10,10,10,9,3,17,0
133,34.44,24.44,14.44,5.56,1.67,-3.33,44,27,10,30,10,10,10,13,4,20,0
134,32.78,24.44,16.11,5.56,2.78,0,37,27,16,30.02,10,10,10,14,7,23,0
135,33.33,24.44,15.56,15,13.33,6.67,90,61,32,29.91,10,10,10,16,8,27,0
136,30.56,24.44,18.33,17.78,16.67,13.89,87,66,45,29.81,10,10,10,17,9,29,0
137,31.11,26.11,21.11,19.44,17.78,16.67,84,65,46,29.81,10,10,10,18,9,31,0
138,28.89,26.11,22.78,22.78,21.11,19.44,84,75,65,29.81,10,6,2,17,8,30,0.06
139,30,24.44,18.89,21.67,20,14.44,87,69,50,29.89,10,5,1,20,5,39,0
140,32.78,24.44,15.56,18.89,16.67,14.44,97,71,44,29.84,10,10,5,16,6,23,0
141,33.89,28.33,22.22,20,19.44,18.33,84,63,41,29.77,10,9,4,18,10,30,0
142,27.78,22.22,16.67,24.44,21.11,16.11,94,87,79,29.84,10,5,0,18,7,26,2.45
143,19.44,16.11,12.78,15.56,12.22,8.89,93,73,52,30.09,10,8,2,16,8,31,0.94
144,24.44,17.78,10.56,10.56,6.11,0,93,57,21,30.24,10,10,5,17,7,28,0.14
145,28.89,18.33,7.78,8.33,5,0.56,93,55,17,30.22,10,10,10,10,3,17,0
146,30,23.33,16.11,8.89,6.11,2.22,60,40,20,30.06,10,10,10,15,7,27,0
147,30,22.78,15.56,15,12.78,8.33,84,58,32,29.97,10,10,10,17,9,26,0
148,29.44,23.33,16.67,16.11,15,13.89,93,67,40,30.03,10,10,8,16,8,24,0
149,30,24.44,18.89,17.78,16.11,13.89,87,65,43,30,10,10,10,18,10,27,0
150,31.67,25.56,19.44,18.33,16.67,15,84,63,42,30.01,10,10,10,14,9,26,0
151,31.67,26.67,21.11,18.89,17.78,16.11,84,61,38,30.02,10,10,10,16,8,27,0
152,30.56,26.11,21.11,20,18.33,16.11,90,70,50,30.05,10,10,7,15,7,25,0
153,28.89,25.56,21.67,21.67,19.44,16.67,84,69,54,30.03,10,8,0,14,6,20,0.19
154,30,25.56,21.11,21.11,20,18.89,97,79,61,29.99,10,9,7,15,7,23,0
155,30.56,26.67,22.22,19.44,18.89,17.22,84,66,48,29.98,10,10,10,15,6,24,0
156,23.89,21.11,17.78,21.11,18.33,16.11,93,83,73,30,10,8,1,17,5,29,1.56
157,22.78,20,17.22,19.44,17.78,16.11,93,86,79,29.95,10,6,0,22,3,31,1.75
158,28.89,24.44,20,20,18.89,16.67,97,74,51,29.88,10,7,2,14,4,22,0
159,31.67,25.56,18.89,18.33,17.22,16.11,93,66,38,29.85,10,10,10,9,2,15,0
160,34.44,27.22,20,19.44,18.33,15.56,84,60,36,29.82,10,10,10,9,3,17,0
161,33.89,27.78,21.11,20.56,19.44,18.33,84,63,41,29.85,10,10,10,10,3,20,0
162,31.11,26.67,21.67,21.67,20.56,17.22,93,69,45,29.9,10,8,2,14,4,20,0
163,32.78,28.33,23.33,21.67,20.56,19.44,87,67,47,29.91,10,10,8,13,7,22,0
164,32.22,28.33,23.89,22.22,21.11,20,82,67,52,29.96,10,10,10,10,6,17,0
165,32.78,28.33,23.33,21.67,21.11,20,87,70,52,29.86,10,10,10,12,7,21,0
166,32.78,28.33,23.33,22.22,21.11,20,87,72,56,29.82,10,10,10,14,7,22,0
167,33.33,28.33,22.78,21.67,21.11,20.56,87,70,52,29.88,10,10,9,14,7,25,0
168,33.33,28.33,23.33,22.22,21.11,19.44,93,71,49,29.89,10,10,10,14,7,26,0
169,32.22,28.33,24.44,22.22,21.11,17.78,87,67,46,29.88,10,10,5,16,7,27,0
170,30,25,20,23.89,21.67,18.89,91,78,65,29.81,10,8,1,14,4,22,0.55
171,33.33,25.56,17.78,21.11,16.11,13.33,97,64,30,29.85,10,10,9,13,3,20,0
172,34.44,26.67,18.89,22.78,18.89,16.67,87,64,41,29.83,10,10,10,14,5,21,0
173,33.33,26.67,20,23.33,22.22,19.44,79,68,56,29.82,10,9,1,24,8,47,1.49
174,31.67,26.11,20,-17.78,-17.78,-17.78,95,75,55,29.95,0,0,0,15,4,22,0
175,30.56,33.33,22.78,-17.78,-17.78,-17.78,95,77,59,29.93,0,0,0,15,6,22,0
176,32.78,28.33,23.33,-17.78,-17.78,-17.78,0,0,0,29.9,0,0,0,14,9,23,0
177,33.33,28.89,23.89,-17.78,-17.78,-17.78,94,72,49,29.99,0,0,0,12,8,24,0
178,33.33,28.89,23.89,22.22,20.56,18.89,88,69,49,29.99,10,10,10,12,9,22,0
179,33.33,29.44,25,23.89,22.22,19.44,91,68,44,29.96,10,9,4,16,9,26,0.02
180,32.78,28.89,24.44,23.33,21.67,18.89,88,68,47,30,10,10,10,13,6,22,0.01
181,32.78,28.33,23.89,22.78,21.67,19.44,88,69,50,30.04,10,10,9,13,5,19,0
182,33.33,28.89,23.89,23.33,22.22,20,94,72,49,29.99,10,10,8,15,6,21,0
183,32.22,28.33,24.44,23.33,22.22,20,85,70,55,29.9,10,9,8,13,8,22,0
184,31.11,25.56,20,23.89,22.22,18.89,88,75,61,29.93,10,8,1,16,4,26,0.27
185,33.89,28.89,23.33,23.33,22.22,20.56,94,72,49,30,10,9,0,22,4,35,0.24
186,31.67,26.67,21.67,24.44,22.22,20,94,77,59,30.01,10,8,0,16,5,24,0.49
187,31.11,26.67,21.67,23.89,21.67,20.56,94,76,57,29.95,10,10,6,15,7,24,0.01
188,32.78,28.33,23.89,23.33,22.22,21.11,88,69,49,29.87,10,10,8,17,8,32,0
189,33.89,30,25.56,23.33,22.78,21.67,85,69,52,29.88,10,10,8,16,9,27,0
190,35,30,25,23.33,22.78,21.11,88,69,49,29.97,10,9,7,17,9,27,0
191,35.56,30.56,25,23.33,21.67,19.44,88,64,39,29.94,10,9,7,17,8,27,0
192,35.56,30,23.89,22.78,21.11,18.89,88,64,39,29.92,10,10,7,15,6,22,0
193,36.11,29.44,22.78,22.78,20.56,17.78,93,64,35,30,10,10,6,14,4,18,0
194,35.56,28.89,22.22,21.67,20.56,16.11,93,62,30,30.08,10,10,6,20,3,29,0.07
195,33.89,27.78,21.67,21.11,20,15,93,67,41,30.15,10,10,9,16,4,23,0
196,34.44,27.78,20.56,21.67,20.56,19.44,93,70,46,30.12,10,10,5,18,4,30,0
197,35,28.89,22.22,22.78,21.11,18.89,100,72,44,30.03,10,8,3,13,5,20,0
198,35.56,29.44,22.78,21.11,19.44,17.22,87,61,34,29.97,10,10,10,13,5,19,0
199,36.67,30,23.33,22.78,20,16.11,93,63,33,29.99,10,10,10,13,7,21,0
200,36.67,29.44,22.22,22.22,18.89,13.89,90,59,27,30,10,10,8,14,6,23,0
201,35.56,28.89,22.22,21.67,20,17.22,93,64,34,30.01,10,10,7,14,5,24,0
202,35,28.33,21.67,22.22,19.44,13.33,90,60,30,30.09,10,10,10,13,5,22,0
203,36.67,29.44,21.67,21.67,18.89,13.33,93,59,25,30.1,10,9,7,13,4,20,0
204,37.78,30.56,23.33,21.67,19.44,16.67,93,63,33,30.03,10,10,10,13,4,17,0
205,38.33,31.11,23.89,21.67,19.44,15,82,55,28,29.96,10,10,10,10,4,16,0
206,33.33,28.33,22.78,22.78,21.67,20.56,93,71,49,29.96,10,10,8,15,3,23,0.06
207,35,28.89,22.78,23.33,21.67,20,93,68,43,29.95,10,8,1,15,4,22,0.31
208,31.67,27.78,23.33,24.44,23.33,21.11,94,77,59,29.86,10,7,0,13,5,19,3.53
209,25.56,23.89,22.22,23.33,21.67,20,100,87,74,29.93,10,7,1,14,3,27,1.52
210,30,25.56,21.11,21.11,20,18.89,90,76,61,29.99,10,9,6,8,2,11,0
211,34.44,28.89,23.33,24.44,22.22,21.11,93,73,52,29.96,10,9,7,12,4,18,0
212,35.56,30.56,25,24.44,22.78,21.11,94,70,46,29.97,10,9,5,10,6,20,0
213,35.56,30,24.44,23.33,22.22,20,94,68,42,30.01,10,10,8,8,2,14,0
214,36.11,30,23.89,23.89,21.67,18.89,94,66,38,30,10,9,6,7,3,14,0
215,34.44,28.89,23.33,25,22.22,20,94,70,46,29.99,10,8,2,8,3,12,0.09
216,35.56,30,23.89,22.78,21.11,18.89,87,63,39,29.96,10,10,10,12,5,18,0
217,36.67,30.56,24.44,23.33,21.67,19.44,94,66,38,29.95,10,10,8,15,6,25,0
218,36.67,30.56,23.89,23.33,21.67,18.33,94,64,33,30,10,10,9,13,6,22,0
219,37.22,30.56,23.33,22.78,20.56,17.22,93,62,31,30.05,10,10,8,9,3,15,0
220,36.11,30.56,24.44,22.22,21.11,18.89,87,63,38,30.03,10,10,10,13,4,23,0
221,35.56,30,24.44,22.22,20,15.56,87,60,33,29.97,10,10,10,14,6,22,0
222,36.11,30.56,25,22.78,21.67,17.78,85,64,42,29.94,10,10,10,13,4,19,0
223,32.78,27.78,22.78,19.44,18.33,17.78,74,59,44,29.98,10,10,10,12,5,18,0
224,32.22,26.11,20,20,18.89,17.78,93,70,46,30.02,10,10,10,10,3,18,0
225,34.44,28.33,21.67,20.56,18.89,18.33,84,62,39,30,10,10,9,13,4,19,0
226,34.44,28.33,22.22,22.22,20.56,18.33,87,66,44,29.98,10,9,7,13,3,20,0
227,36.11,29.44,22.78,21.67,20,17.78,87,61,35,29.99,10,10,8,13,3,22,0
228,37.22,31.11,24.44,22.78,20,16.11,94,64,33,29.96,10,10,9,13,5,20,0
229,38.89,32.22,25,23.33,21.67,17.22,88,59,29,29.9,10,8,5,13,6,25,0
230,38.89,31.67,24.44,23.89,21.11,16.67,91,60,29,29.89,10,10,10,13,6,22,0
231,37.78,31.67,25,23.33,20,16.67,88,60,31,29.94,10,10,10,13,5,18,0
232,38.33,31.67,25,23.33,20.56,16.11,88,58,27,29.96,10,10,10,13,4,19,0
233,38.89,31.67,24.44,23.89,21.67,18.89,91,62,33,30,10,10,2,13,3,23,0.05
234,37.78,30.56,22.78,22.78,18.89,11.67,94,62,29,29.99,10,10,10,12,4,17,0
235,36.11,28.33,20.56,15.56,13.89,10.56,66,45,24,30.01,10,10,10,12,4,20,0
236,36.67,28.89,21.11,20,16.11,13.33,73,50,27,29.97,10,10,10,9,4,16,0
237,38.33,31.11,23.89,23.33,20.56,15.56,88,58,27,29.95,10,10,10,13,5,19,0
238,40,32.78,25,23.33,20.56,15.56,88,57,25,29.88,10,10,10,14,7,24,0
239,38.33,32.22,26.11,23.33,21.67,15,85,56,27,29.92,10,10,10,16,6,24,0
240,38.89,32.22,25.56,23.89,21.67,17.78,85,59,33,29.9,10,10,9,15,7,24,0
241,35.56,30.56,25,22.22,20,16.67,76,55,34,29.87,10,10,9,16,7,25,0
242,38.89,32.22,25.56,23.89,21.67,17.22,85,57,29,29.92,10,10,8,17,8,29,0
243,39.44,33.33,26.67,23.89,21.67,16.11,85,55,25,29.98,10,10,10,17,9,27,0
244,39.44,32.78,26.11,23.33,20.56,15,85,55,25,29.99,10,10,10,15,8,23,0
245,38.33,31.11,23.89,22.78,20.56,16.67,94,62,29,29.94,10,10,9,14,6,21,0
246,38.33,31.67,25,23.33,21.11,16.67,88,59,29,29.9,10,10,10,13,5,18,0
247,38.33,31.67,24.44,22.78,19.44,15.56,88,59,29,29.9,10,10,10,10,5,15,0
248,38.33,31.67,25,21.67,20,16.67,71,52,33,29.93,10,10,8,14,4,23,0
249,36.67,30.56,24.44,22.22,18.89,13.33,87,58,29,29.96,10,10,10,10,4,17,0
250,37.22,31.11,24.44,22.78,21.67,20,82,61,40,29.89,10,10,10,17,5,26,0
251,35.56,30.56,25,23.89,22.22,19.44,88,64,39,29.87,10,10,2,15,5,23,0.07
252,35,29.44,23.33,22.78,22.22,18.89,94,69,44,29.91,10,10,10,13,4,24,0
253,37.22,30.56,23.33,22.78,22.22,20,94,68,42,29.93,10,10,10,15,7,26,0
254,38.33,32.22,25.56,23.89,22.22,18.33,91,62,33,29.9,10,10,7,15,8,25,0
255,36.67,31.11,25.56,23.89,22.78,20,91,66,40,29.91,10,10,10,17,8,32,0.01
256,37.78,31.11,24.44,23.33,21.11,16.67,88,61,33,29.95,10,10,10,17,6,26,0
257,37.22,30,22.78,25,23.33,19.44,91,65,38,30,10,8,0,28,5,37,0.98
258,36.11,30.56,25,23.89,22.78,18.33,91,63,35,30.02,10,10,10,13,4,21,0.02
259,36.11,30,23.33,23.89,21.67,18.89,94,67,39,30.01,10,10,2,13,3,20,0.19
260,31.67,27.78,23.33,23.33,22.22,20.56,100,78,55,30.04,10,8,2,8,3,13,0.22
261,35.56,28.89,22.22,21.67,20.56,18.89,100,70,39,29.97,10,10,8,12,3,15,0
262,36.11,30,23.33,22.78,20.56,18.33,87,63,38,29.9,10,10,10,13,6,20,0
263,37.22,31.11,25,22.78,21.67,18.89,88,63,38,29.83,10,10,10,14,7,25,0
264,37.22,31.67,25.56,23.89,21.67,17.78,85,60,35,29.89,10,10,10,10,5,19,0
265,35.56,27.22,18.89,23.33,21.11,16.67,94,67,39,30,10,9,1,15,5,24,0.51
266,18.89,17.22,15.56,17.22,15.56,13.89,100,92,84,30.19,10,5,1,14,5,24,0.68
267,25,21.67,17.78,19.44,17.78,16.67,100,87,73,30.16,10,8,3,7,2,10,0
268,31.11,26.11,20.56,21.11,20,19.44,97,76,55,30.09,10,9,6,8,2,13,0
269,34.44,28.89,23.33,23.33,22.22,20.56,94,70,46,30.01,10,10,6,18,3,28,0.02
270,32.78,28.33,23.89,23.89,23.33,21.67,94,75,56,29.93,10,9,2,14,3,20,0.35
271,32.22,27.22,22.22,23.89,22.78,21.11,100,78,56,29.88,10,7,0,25,2,33,3.66
272,30,26.67,23.33,23.89,23.33,21.67,100,85,69,29.89,10,8,2,10,3,14,0.13
273,32.22,27.78,23.33,23.89,22.78,21.11,100,78,55,29.94,10,9,1,9,3,15,0.21
274,32.22,27.22,22.22,22.78,21.11,17.78,94,71,47,30.01,10,10,10,10,3,15,0
275,32.78,27.22,21.11,21.11,20,18.89,90,69,47,30.07,10,10,10,9,4,16,0
276,29.44,24.44,19.44,18.89,14.44,12.78,74,57,40,30.09,10,10,10,8,3,12,0
277,28.89,22.22,15.56,15.56,13.33,10.56,90,64,37,30.1,10,10,10,9,2,16,0
278,28.33,22.78,16.67,18.89,16.67,13.89,90,74,58,30.1,10,10,8,13,3,20,0
279,29.44,24.44,18.89,19.44,17.78,17.22,87,71,54,30.06,10,10,10,10,3,15,0
280,26.67,23.33,20,20.56,18.89,17.78,93,78,62,30,10,10,8,9,2,14,0
281,31.11,25,18.89,19.44,18.33,16.67,100,72,43,29.98,10,8,3,12,3,15,0
282,31.67,25.56,19.44,20,17.78,16.11,93,68,43,29.92,10,10,10,8,2,12,0
283,32.22,25.56,18.33,21.11,18.33,17.22,93,70,47,29.83,10,10,10,9,2,14,0
284,33.33,28.89,24.44,22.78,21.11,17.22,88,68,47,29.79,10,10,10,10,5,18,0
285,33.33,28.89,24.44,23.89,22.22,15,91,72,52,29.82,10,9,4,14,7,27,0.03
286,29.44,23.89,18.33,15,10.56,7.22,63,44,25,30.06,10,10,10,14,7,22,0
287,26.67,21.11,15,11.67,8.89,5,72,51,29,30.12,10,10,10,9,4,14,0
288,30.56,23.89,16.67,19.44,16.67,13.33,93,69,44,29.9,10,10,10,14,6,23,0
289,31.67,27.22,22.22,21.67,20.56,18.89,93,73,53,29.86,10,10,10,13,6,20,0
290,34.44,28.33,22.22,22.78,21.11,17.78,93,67,41,29.92,10,9,5,13,5,21,0
291,32.22,27.78,23.33,22.22,21.11,18.33,93,70,46,29.98,10,10,10,15,6,23,0
292,33.33,28.89,23.89,22.78,21.67,18.89,94,69,44,29.93,10,10,9,14,7,22,0
293,33.33,28.89,23.89,22.78,21.11,18.33,87,66,44,29.89,10,10,10,14,7,24,0
294,25.56,20.56,15,22.22,16.67,12.78,97,85,73,30.04,10,7,0,14,5,20,1.42
295,25,20.56,16.11,22.22,17.22,12.78,93,86,78,29.88,10,9,7,13,2,24,0.01
296,24.44,20.56,16.11,22.22,15,7.78,87,63,38,29.8,10,10,2,20,10,36,0.09
297,26.67,18.89,10.56,8.89,6.11,2.78,77,49,21,30.09,10,10,10,14,5,20,0
298,31.11,22.22,13.33,10.56,7.78,4.44,72,46,20,30.06,10,10,10,9,2,16,0
299,30,22.22,13.89,12.22,9.44,6.67,72,50,27,29.94,10,10,10,13,4,23,0
300,30.56,23.33,16.11,17.78,15.56,12.22,97,69,40,29.9,10,10,10,13,3,17,0
301,30,24.44,18.89,20.56,17.78,15.56,90,67,44,30,10,10,5,9,2,12,0
302,27.78,23.33,18.33,18.89,17.22,16.11,93,74,54,30.06,10,10,6,8,2,15,0
303,27.78,22.78,17.22,17.78,16.11,14.44,100,73,45,30.02,10,9,4,8,2,13,0
304,28.33,21.67,14.44,16.11,12.78,7.78,93,61,28,30.03,10,9,6,10,3,16,0
305,28.33,22.22,16.11,16.67,15,13.33,84,67,49,30.06,10,10,10,9,2,14,0
306,28.33,23.89,18.89,16.67,15,13.89,81,64,46,30.09,10,10,10,8,2,11,0
307,29.44,22.78,15.56,16.11,15,13.33,84,64,44,30.12,10,10,10,7,2,9,0
308,31.11,23.89,16.67,16.11,15,13.89,84,62,39,30.11,10,10,10,8,2,12,0
309,30,23.33,16.11,16.11,14.44,11.11,90,62,34,29.98,10,10,8,12,4,19,0
310,30,23.33,16.67,18.33,16.11,14.44,93,67,40,29.89,10,10,10,14,6,23,0
311,28.89,23.89,18.33,20,18.33,17.22,93,74,55,29.99,10,10,10,8,2,12,0
312,27.22,22.78,18.33,17.22,16.67,15.56,81,68,54,30.1,10,10,10,10,3,14,0
313,27.78,22.78,17.22,16.11,15,12.22,93,72,51,30.1,10,10,9,8,2,10,0
314,24.44,18.89,13.33,16.11,9.44,3.89,93,60,27,30.22,10,9,2,16,7,25,0.3
315,20,14.44,8.33,6.11,3.89,2.78,71,54,37,30.34,10,10,10,9,5,14,0
316,23.89,16.67,8.89,11.11,7.22,3.89,80,61,41,30.26,10,10,10,15,6,25,0
317,24.44,20,15,17.22,15,11.11,84,72,60,30.12,10,10,10,14,6,23,0
318,23.89,19.44,14.44,20.56,17.22,13.89,100,87,73,30.09,10,8,2,17,5,28,0.56
319,15,13.89,12.78,14.44,13.33,12.22,100,97,93,30.16,10,6,2,13,6,20,1.51
320,17.22,15,12.78,13.33,10.56,7.78,93,75,56,30.28,10,10,5,10,4,17,0.04
321,21.67,15.56,8.89,9.44,5,1.11,80,53,26,30.19,10,10,10,7,2,11,0
322,23.89,16.67,8.89,11.11,8.33,5,93,67,41,30.1,10,10,10,15,4,25,0
323,23.33,16.11,8.33,7.22,6.11,4.44,86,59,31,30.07,10,10,10,8,3,13,0
324,24.44,17.22,9.44,16.11,11.67,6.11,93,70,46,29.83,10,10,10,17,6,31,0
325,18.33,12.22,5.56,16.67,5,-1.67,93,67,40,30.03,10,10,9,17,7,32,0
326,10.56,6.67,2.22,-1.67,-5,-8.89,64,50,36,30.34,10,10,10,16,9,27,0
327,5,2.22,-0.56,-8.33,-10.56,-12.78,58,43,27,30.52,10,10,10,17,8,28,0
328,7.22,3.33,-1.11,-5,-8.33,-11.11,58,44,30,30.4,10,10,10,8,3,11,0
329,8.89,6.67,4.44,8.33,3.89,-5,100,72,43,30.14,10,5,1,10,4,15,0.02
330,10,5.56,1.11,9.44,7.22,-2.22,100,91,82,30,10,4,0,17,6,28,0.01
331,11.67,5.56,-1.11,-2.78,-6.11,-10,82,52,22,30.4,10,10,10,16,6,26,0
332,13.33,6.11,-1.11,-2.78,-5,-7.22,78,51,24,30.48,10,10,3,10,2,15,0
333,20.56,10.56,0.56,7.22,3.33,-5,86,64,42,30.27,10,10,10,13,3,22,0
334,21.11,13.89,6.67,17.22,13.89,6.11,100,85,70,30.08,10,8,0,12,3,16,0.01
335,23.33,20,16.67,20.56,18.33,16.67,100,90,79,30.05,10,6,0,13,5,20,0.33
336,19.44,17.22,14.44,17.78,16.67,13.33,100,97,93,29.86,10,6,0,20,7,28,3.33
337,27.22,19.44,11.67,13.89,8.89,3.89,100,62,23,29.64,10,10,10,16,5,27,0
338,18.89,11.67,4.44,3.89,0,-7.22,76,47,18,30.06,10,10,10,15,5,28,0
339,19.44,11.67,3.33,3.33,0.56,-3.89,85,53,20,30.26,10,10,10,9,3,16,0
340,25,15.56,5.56,2.78,0.56,-2.78,62,40,18,30.22,10,10,10,10,3,17,0
341,17.78,11.67,5.56,2.78,0.56,-2.78,76,52,27,30.45,10,10,10,10,4,16,0
342,22.22,13.89,5.56,12.22,7.22,1.67,82,62,41,30.24,10,10,10,14,4,24,0
343,22.78,18.33,13.33,16.11,13.89,11.11,93,75,57,30.02,10,10,10,16,7,31,0
344,26.11,22.22,17.78,17.22,16.67,15,87,71,54,30.03,10,10,10,15,7,28,0
345,18.89,12.22,5,17.22,5.56,-5.56,93,69,45,30.31,10,10,8,17,6,30,0
346,10,7.22,3.89,6.11,0,-4.44,80,63,45,30.33,10,10,10,10,4,16,0
347,15,12.22,8.89,12.78,10,6.11,100,88,75,30.18,10,7,2,7,1,10,0
348,18.89,16.67,14.44,18.33,16.11,12.78,100,94,87,30.11,10,3,1,12,3,16,0.06
349,23.89,20.56,17.22,18.89,17.78,15,100,82,64,30.08,10,8,2,12,5,20,0.01
350,20.56,16.67,12.78,14.44,10.56,8.89,90,72,53,30.32,10,10,9,13,6,20,0
351,13.33,12.22,11.11,10,8.89,7.78,89,83,77,30.33,10,10,9,9,4,14,0
352,19.44,14.44,9.44,9.44,7.78,7.22,86,69,52,30.32,10,10,8,9,3,14,0
353,20.56,13.33,6.11,9.44,7.22,5.56,100,70,39,30.31,10,8,2,8,1,11,0
354,18.89,13.89,8.33,13.89,10,7.22,93,75,56,30.2,10,9,6,8,1,11,0.02
355,19.44,16.67,13.89,15,13.89,12.78,97,85,73,30.18,10,7,2,9,5,16,0.04
356,21.67,18.33,15,14.44,13.89,13.33,90,78,66,30.23,10,10,9,12,5,17,0
357,23.33,18.33,12.78,15,13.89,12.22,100,79,57,30.15,10,9,5,14,5,21,0
358,23.33,20,16.11,17.78,16.67,15,100,82,64,29.94,10,9,5,14,6,26,0.07
359,23.33,17.22,11.11,17.78,10.56,0,93,58,23,29.99,10,10,7,12,5,19,0
360,17.22,12.78,7.78,2.22,1.11,0,60,47,34,30.28,10,10,10,14,5,20,0
361,11.67,10.56,8.89,10.56,6.67,1.67,96,75,54,30.14,10,8,2,15,4,22,0.1
362,15.56,12.78,9.44,13.33,10.56,8.89,100,92,84,30.1,10,4,1,12,3,17,0
363,13.89,11.67,8.89,10,8.89,6.67,100,89,77,30.12,10,7,1,13,7,19,0.59
364,12.22,11.11,9.44,8.33,7.22,6.67,86,82,72,30.21,10,9,5,8,3,13,0
365,13.33,11.67,10,11.11,9.44,7.78,93,83,72,30.02,10,9,5,10,5,20,0
366,25,19.44,13.33,13.33,11.11,6.11,93,63,33,29.7,10,10,8,12,5,18,0
367,15,10.56,6.11,6.67,4.44,1.11,77,66,55,29.81,10,10,10,18,8,31,0
368,13.89,7.78,1.67,1.67,0,-1.11,85,62,38,30.11,10,10,10,16,6,25,0
369,18.33,9.44,0.56,8.33,0.56,-2.22,96,61,26,30.05,10,10,10,16,6,30,0
370,23.33,17.78,11.67,17.22,13.89,8.89,100,83,66,29.93,10,9,3,12,5,21,0.01
371,18.89,12.22,5,17.22,9.44,0,93,79,65,30.09,10,8,5,16,8,24,0.03
372,8.33,4.44,0,1.11,-1.11,-3.33,92,71,49,30.25,10,10,7,14,4,21,0.13
373,19.44,9.44,-1.11,5.56,2.22,-1.67,92,68,43,30.14,10,10,10,10,2,15,0
374,7.78,6.11,3.89,6.11,4.44,0,100,87,73,30.36,10,6,0,13,6,21,0
375,5.56,3.89,2.22,-0.56,-1.67,-2.78,76,70,64,30.48,10,10,9,14,8,21,0
376,4.44,2.78,1.11,3.89,1.67,-1.67,100,82,64,30.25,10,3,1,9,5,13,0.63
377,6.11,5,3.33,5,3.89,2.78,100,95,89,30.08,10,4,2,12,5,18,0.2
378,16.67,10.56,3.89,6.11,4.44,3.33,100,74,48,29.99,10,8,2,14,3,24,0.76
379,10.56,6.11,1.67,5,-1.11,-5.56,100,69,38,30.48,10,10,10,16,7,26,0
380,11.11,5,-1.67,-2.22,-5,-6.67,75,54,32,30.6,10,10,10,8,4,12,0
381,21.67,12.22,2.22,2.78,0,-2.22,76,50,23,30.38,10,10,10,9,2,13,0
382,10.56,5,-1.11,3.33,-2.78,-13.33,76,54,32,30.58,10,10,10,21,9,32,0
383,2.22,-1.11,-5,-5,-11.11,-15,56,48,39,30.54,10,10,10,15,5,23,0
384,3.33,2.22,1.11,0,-3.33,-6.11,70,62,54,30.48,10,10,4,13,6,21,0.02
385,2.22,1.11,0,1.11,-0.56,-7.22,100,76,52,30.42,10,4,2,8,3,13,0.3
386,9.44,5.56,1.11,7.22,3.89,0.56,100,90,80,30.21,10,7,2,8,3,13,0.17
387,7.78,6.11,4.44,7.22,5,2.22,100,88,76,30.28,10,5,0,14,5,20,0
388,5.56,3.89,1.67,2.78,0.56,-0.56,92,83,73,30.43,10,7,4,12,7,21,0
389,4.44,3.89,3.33,3.33,2.22,1.11,92,86,79,30.33,8,4,2,9,5,15,0
390,15,9.44,3.33,3.33,2.22,1.11,92,68,43,30.33,10,9,6,12,4,19,0
391,17.78,10.56,3.33,5,3.33,1.67,92,64,36,30.29,10,10,10,8,3,12,0
392,20.56,12.22,3.89,7.78,4.44,0.56,92,63,34,30.13,10,10,6,12,3,20,0
393,22.22,15,7.78,1.11,-1.11,-3.33,53,37,20,30.28,10,10,10,10,3,15,0
394,23.89,13.33,2.78,8.33,5,-1.67,85,59,33,30.04,10,10,10,10,3,19,0
395,26.67,16.11,5,10.56,6.67,3.89,89,59,28,29.94,10,10,7,12,3,19,0
396,13.33,11.67,10,11.67,10,5.56,96,84,71,30.07,10,5,1,10,6,17,0.16
397,11.11,8.33,5,10.56,7.78,3.33,100,91,82,30.07,10,4,1,20,10,32,2.07
398,10.56,7.22,3.33,5.56,3.33,1.67,93,77,61,30.26,10,8,3,15,6,23,0.4
399,17.22,10,2.22,5,2.22,-0.56,92,62,32,30.2,10,10,10,13,4,21,0
400,22.78,13.89,4.44,4.44,1.11,-1.67,85,53,20,30.11,10,10,10,13,6,20,0
401,23.33,15.56,7.78,6.11,2.78,0,61,43,25,30.21,10,10,10,10,5,17,0
402,28.33,19.44,10.56,7.22,4.44,2.22,71,47,23,30.15,10,10,10,14,6,24,0
403,27.22,16.67,5.56,9.44,5.56,2.78,96,60,23,30.12,10,10,10,14,4,22,0
404,26.11,18.89,11.11,12.78,9.44,1.11,100,68,35,30.22,10,10,6,16,4,25,0
405,14.44,11.67,8.89,3.89,2.22,0.56,63,52,40,30.37,10,10,10,14,6,23,0
406,16.67,13.33,9.44,16.11,10.56,2.78,100,80,59,30.04,10,5,1,15,4,21,0.31
407,22.78,15,6.67,16.11,12.22,-1.11,100,77,53,29.98,10,8,4,17,7,28,0.02
408,9.44,5,0.56,-1.11,-4.44,-7.22,62,48,34,30.35,10,10,10,15,6,22,0
409,6.11,5.56,4.44,5.56,2.78,-2.22,96,76,55,30.27,10,6,2,8,2,11,0.26
410,12.78,9.44,5.56,10,7.22,5,100,92,83,30.13,10,5,1,8,2,13,0.06
411,11.11,7.22,3.33,8.89,1.67,-0.56,92,77,62,30.38,10,10,5,16,7,26,0
412,15.56,9.44,2.78,5.56,3.33,0.56,86,69,51,30.37,10,10,7,10,3,16,0
413,20.56,12.78,4.44,11.67,7.78,3.89,93,71,49,30.08,10,8,4,13,5,21,0
414,25.56,20,14.44,13.89,13.33,10,93,72,50,29.9,10,10,8,14,6,26,0
415,28.33,20,11.11,10,6.67,3.33,77,49,20,30.07,10,10,10,9,3,13,0
416,27.22,17.78,7.78,9.44,6.67,4.44,86,57,28,29.99,10,10,10,10,4,18,0
417,25.56,18.33,10.56,11.67,9.44,4.44,100,64,27,30.03,10,7,1,16,5,26,0
418,16.67,11.67,6.67,4.44,1.11,-0.56,65,51,36,30.35,10,10,10,16,7,27,0
419,21.11,12.78,3.89,6.67,3.33,0,79,58,37,30.31,10,10,10,10,2,15,0
420,25.56,17.22,8.89,11.67,8.33,6.11,86,60,33,30.22,10,10,10,9,3,14,0
421,20,17.22,13.89,16.67,14.44,11.11,87,80,73,30.02,10,10,7,10,5,19,0
422,18.89,10.56,2.22,16.11,3.89,-2.22,93,79,64,30.03,10,8,2,17,9,28,0.01
423,12.78,7.22,1.11,0.56,-2.78,-5,82,59,35,30.25,10,10,10,13,7,22,0
424,18.89,9.44,0,1.11,-1.67,-3.89,89,56,22,30.31,10,10,10,13,4,18,0
425,21.11,12.22,3.33,9.44,4.44,-0.56,85,61,37,30.25,10,10,10,14,5,28,0
426,23.89,18.33,12.22,15.56,13.33,9.44,86,72,57,29.92,10,10,9,16,9,31,0
427,25.56,19.44,12.78,16.11,13.33,7.22,87,69,50,29.88,10,10,9,14,6,25,0
428,13.33,8.33,2.78,11.11,6.67,0.56,93,80,66,30.14,10,8,2,20,7,30,0.02
429,2.78,1.11,-1.11,0,-1.67,-3.33,92,87,82,30.45,10,7,2,17,9,24,0.01
430,2.78,1.11,-1.11,1.11,-1.67,-3.33,92,84,76,30.24,10,8,2,9,4,15,0
431,17.22,9.44,1.67,2.22,1.11,-2.22,100,64,27,29.94,10,8,3,13,3,21,0.01
432,11.11,6.11,0.56,2.78,-0.56,-6.11,96,74,52,30.19,10,10,5,15,7,24,0
433,2.22,1.11,-0.56,-1.11,-3.89,-7.22,92,72,52,30.38,10,8,2,13,7,21,0.01
434,2.22,1.11,-0.56,1.11,-0.56,-3.33,100,93,85,30.31,10,5,2,10,5,17,0.1
435,6.11,3.89,1.67,5,3.33,1.11,100,95,89,30.29,8,4,2,10,6,16,0.09
436,7.22,5.56,3.33,5.56,4.44,2.78,100,95,89,30.28,10,5,1,10,4,15,0.02
437,17.22,11.11,5,15,9.44,5,100,95,90,29.98,5,2,0,8,1,13,0.01
438,21.11,11.11,1.11,19.44,13.33,0,100,95,89,29.9,10,4,0,21,6,36,0.15
439,8.33,3.89,-0.56,0,-3.89,-7.78,89,61,33,30.45,10,9,2,20,10,33,0.13
440,13.89,5.56,-3.33,-1.67,-5,-7.22,81,54,27,30.56,10,10,10,8,2,13,0
441,15.56,9.44,3.33,2.78,-1.11,-4.44,82,56,29,30.4,10,10,10,10,2,13,0
442,12.22,10.56,8.33,10.56,8.89,2.78,100,69,38,30.17,10,3,1,12,3,16,0.45
443,12.78,11.11,9.44,11.11,9.44,8.89,100,97,93,29.96,10,5,1,8,4,13,2.17
444,17.22,13.89,10,11.11,10,9.44,96,78,60,30.04,10,10,10,9,4,14,0
445,15,13.89,12.22,10.56,10,9.44,86,79,72,30.2,10,10,10,13,6,20,0
446,22.78,17.22,11.11,12.78,11.11,9.44,96,73,49,30.1,10,10,9,13,5,18,0.02
447,25.56,18.89,11.67,12.22,11.11,7.78,100,68,36,30,10,8,1,12,3,18,0
448,25.56,18.89,11.67,11.67,9.44,6.67,89,61,33,30.1,10,10,10,15,6,23,0
449,20.56,15.56,10.56,12.22,10.56,8.89,89,72,55,30.26,10,10,10,12,3,16,0
450,25,18.33,11.11,16.67,13.33,10.56,100,73,46,30.21,10,9,4,10,3,17,0
451,25,21.11,17.22,18.89,17.22,16.11,100,82,64,30.11,10,8,4,9,3,16,0.01
452,27.22,21.67,15.56,18.33,16.11,14.44,93,74,54,29.99,10,10,8,13,4,20,0.13
453,28.33,22.78,17.22,18.89,17.78,16.11,100,79,58,29.95,10,8,2,12,5,17,0
454,21.67,17.78,13.89,19.44,16.11,12.78,93,89,84,30.09,10,6,0,15,4,22,1.17
455,16.11,14.44,12.78,14.44,13.33,12.22,100,95,90,30.08,10,7,2,10,4,17,0.43
456,25.56,20,13.89,15,13.89,12.78,100,75,50,30.03,10,10,7,9,4,15,0
457,26.67,18.89,11.11,15,13.33,10.56,100,73,45,30.06,10,10,6,9,3,14,0
458,28.33,21.67,15,16.67,15.56,13.89,97,72,47,29.97,10,10,9,14,7,22,0
459,28.89,22.78,16.67,17.22,16.11,15,93,72,51,29.91,10,10,10,16,8,27,0
460,21.11,16.67,12.22,18.33,8.89,0.56,93,62,31,30.03,10,9,2,20,10,29,0.05
461,27.78,17.78,7.78,6.67,2.22,-1.67,71,44,16,30.15,10,10,10,13,4,19,0
462,28.89,18.89,8.89,9.44,6.67,4.44,86,54,22,30.08,10,10,10,13,5,24,0
463,28.89,21.67,13.89,15.56,13.33,10,93,67,40,30.06,10,10,10,17,8,28,0
464,26.67,22.22,17.78,17.78,16.67,15.56,93,76,58,30.11,10,10,9,12,5,18,0
465,27.78,23.33,18.89,18.89,16.67,15,93,74,54,30,10,10,7,13,7,20,0
466,28.33,24.44,20,19.44,18.33,16.11,90,71,51,29.92,10,9,4,14,7,25,0
467,28.89,24.44,20,20,18.89,17.22,90,76,62,29.9,10,8,6,15,8,26,0
468,30,24.44,18.89,20,16.67,8.89,90,67,43,29.98,10,8,4,17,7,27,0
469,20.56,17.22,13.33,8.89,6.67,2.78,61,53,44,30.24,10,10,10,17,8,32,0
470,20.56,17.78,15,17.78,15,8.89,100,78,56,30,10,5,1,10,4,16,0.02
471,29.44,23.89,18.33,19.44,18.33,17.78,100,76,51,29.94,10,8,2,14,7,24,0
472,30.56,25.56,20,19.44,18.33,16.67,90,71,51,29.96,10,10,8,16,8,26,0
473,26.11,23.33,20.56,20.56,19.44,18.33,90,81,71,29.92,10,9,6,16,8,29,0
474,30.56,26.11,21.11,21.67,19.44,18.33,90,73,55,29.86,10,9,7,15,7,27,0
475,23.33,18.33,13.33,20,11.67,8.33,93,70,47,30.08,10,10,10,14,5,26,0.09
476,21.11,18.33,15,18.89,16.67,11.67,100,86,72,30.04,10,5,1,7,3,12,0
477,27.78,23.89,19.44,20.56,19.44,18.33,100,81,62,29.91,10,5,0,13,5,19,0.01
478,30.56,24.44,17.78,21.11,18.33,12.22,100,67,34,29.86,10,8,2,13,4,19,0.09
479,25,19.44,13.89,16.11,12.78,9.44,87,67,46,30.04,10,10,10,12,6,20,0
480,28.33,20.56,12.22,18.33,13.33,10,93,69,45,29.97,10,10,10,14,4,20,0
481,27.22,23.33,19.44,21.11,18.89,17.78,93,78,62,29.91,10,9,4,17,4,27,0.01
482,23.89,21.67,18.89,21.11,18.33,16.11,93,81,69,29.92,10,8,2,12,4,18,0.41
483,25,18.89,12.22,18.89,17.22,11.67,100,82,64,29.87,10,8,0,28,4,43,0.57
484,31.67,22.78,13.89,20.56,14.44,3.89,100,60,20,29.8,10,7,0,15,6,25,0
485,22.78,17.78,12.22,8.89,6.11,2.22,64,48,32,29.98,10,10,10,15,6,25,0
486,27.22,18.89,10.56,17.22,11.67,8.33,89,66,43,29.95,10,10,10,13,5,22,0
487,27.22,23.33,19.44,20,18.33,17.22,93,79,64,29.89,10,10,7,16,7,23,0
488,29.44,25,20,22.22,20.56,18.89,100,85,69,29.87,10,8,1,10,4,16,0
489,29.44,25,20.56,23.33,22.22,20.56,100,85,69,29.82,10,6,1,14,5,23,0.43
490,33.89,27.78,21.11,22.78,17.78,7.78,100,61,21,29.74,10,7,2,12,5,20,0.04
491,30,25.56,20.56,22.22,20.56,17.22,93,77,61,29.65,10,8,1,18,8,32,0.08
492,29.44,23.33,17.22,21.11,16.67,11.11,100,66,32,29.68,10,9,1,17,4,37,0.56
493,18.33,15,11.67,15,11.11,8.33,84,74,64,29.98,10,10,10,17,8,26,0
494,25,17.22,9.44,8.89,7.22,5,93,61,29,30.05,10,10,10,12,5,19,0
495,28.33,19.44,10,10.56,9.44,8.33,89,60,31,29.99,10,10,8,10,3,14,0
496,28.89,21.11,12.78,13.33,11.11,10,86,60,33,30.02,10,10,10,10,2,15,0
497,28.33,21.67,14.44,12.78,11.67,10.56,80,58,36,30.02,10,10,10,13,4,20,0
498,28.89,21.67,14.44,16.67,14.44,12.78,93,67,40,29.98,10,10,10,15,6,23,0
499,28.89,23.89,18.89,18.89,17.22,15,93,71,49,30.02,10,10,4,16,8,26,0
500,28.33,23.89,18.89,21.11,19.44,16.67,100,77,54,29.95,10,6,0,20,7,28,3.84
501,30.56,26.11,21.67,21.67,20.56,20,93,74,55,29.91,10,8,3,14,8,23,0.01
502,28.33,25.56,22.78,22.78,21.67,20.56,87,81,74,29.87,10,9,2,17,9,26,0.02
503,26.11,24.44,22.78,23.89,22.78,21.11,93,88,82,29.87,10,5,1,13,6,19,0.29
504,29.44,26.11,22.22,22.78,21.67,20.56,93,79,65,29.82,10,7,2,17,9,31,0.02
505,30.56,27.78,24.44,22.22,21.67,20.56,87,71,55,29.8,10,9,7,17,10,29,0
506,26.11,23.33,20,22.78,19.44,16.11,94,78,62,29.99,10,7,1,12,5,20,0.4
507,20.56,19.44,18.33,19.44,18.33,17.22,100,91,81,30.14,10,8,1,10,5,17,0.23
508,21.11,19.44,17.78,21.11,18.89,17.78,100,97,93,30.08,10,5,0,14,4,26,1.12
509,30.56,25.56,20,23.33,21.67,18.89,100,83,65,30.03,10,6,1,15,5,24,0.08
510,25,22.22,19.44,21.67,20,18.33,100,87,74,29.95,10,8,1,13,4,20,0.36
511,30.56,25,19.44,22.78,21.11,18.33,97,79,61,29.85,10,9,6,18,9,30,0
512,28.89,23.89,18.89,22.22,20,18.33,100,83,65,29.94,10,6,1,22,5,35,2.6
513,31.11,27.22,22.78,23.89,22.22,21.11,93,77,61,30.03,10,9,3,12,5,20,0
514,31.67,27.78,23.33,23.89,22.22,20.56,87,73,59,29.99,10,8,5,17,8,28,0
515,31.67,27.22,22.22,24.44,22.22,21.11,94,75,56,29.94,10,8,1,13,5,21,0.33
516,24.44,20.56,16.67,23.33,17.22,15,94,84,73,30.08,10,10,7,15,6,24,0.02
517,25,21.11,16.67,21.67,19.44,16.11,100,91,82,30.08,10,6,1,10,4,17,0.03
518,30.56,25,18.89,23.33,21.67,18.89,100,83,65,30.02,10,6,0,18,7,32,1.41
519,27.78,22.78,17.78,21.11,20,17.22,93,81,69,29.89,10,10,5,8,6,17,0.76
520,27.78,23.33,18.89,23.33,20.56,18.89,100,87,74,29.84,10,7,0,16,5,29,5.2
521,31.67,25.56,18.89,23.89,20.56,17.78,100,80,59,29.95,10,6,2,13,6,20,0
522,29.44,24.44,19.44,23.89,21.11,17.78,94,82,69,30.03,10,9,6,12,5,18,0
523,30.56,25.56,20.56,26.11,22.78,21.11,94,80,65,30.01,10,8,2,15,6,25,0.2
524,31.67,25,17.78,22.78,18.89,17.22,100,76,51,29.95,10,8,1,21,5,33,0.67
525,31.11,26.11,21.11,21.11,20,17.78,93,74,55,30,10,10,8,12,2,16,0
526,30,25,19.44,19.44,17.78,16.11,90,67,44,30.06,10,10,10,9,2,16,0
527,31.11,24.44,17.78,18.89,18.33,17.22,93,70,46,30.03,10,10,9,8,2,12,0
528,32.22,26.11,19.44,21.11,18.89,17.78,93,70,46,29.96,10,10,10,9,2,16,0
529,31.67,25.56,19.44,21.11,18.89,17.78,90,69,47,29.91,10,10,10,13,5,20,0
530,31.11,25.56,20,21.11,18.89,17.22,90,68,45,29.95,10,10,10,12,4,16,0
531,32.22,26.67,20.56,22.22,20,18.89,97,72,47,30,10,10,10,12,4,17,0
532,32.22,26.67,21.11,21.11,19.44,17.78,97,72,46,29.97,10,10,10,9,3,14,0
533,32.78,27.22,21.11,21.11,19.44,17.78,97,71,44,29.94,10,10,10,12,4,17,0
534,33.89,27.78,21.67,21.67,20,17.78,93,67,41,29.95,10,10,10,9,3,13,0
535,35,28.89,22.22,21.11,19.44,16.11,87,60,33,29.89,10,10,10,8,3,13,0
536,33.89,28.33,22.22,21.11,20,18.89,79,62,44,29.83,10,10,10,10,4,16,0
537,34.44,28.89,22.78,22.22,21.11,20.56,93,71,49,29.8,10,10,10,15,7,25,0
538,33.89,28.89,23.89,23.89,22.78,21.67,88,70,52,29.82,10,10,10,13,6,20,0.01
539,35,29.44,23.89,23.33,22.22,20.56,94,70,46,29.84,10,10,10,18,7,29,0
540,30,26.11,22.22,24.44,22.78,21.67,100,87,74,29.89,10,8,0,13,6,22,1.34
541,31.67,27.78,23.33,24.44,22.78,20.56,100,78,55,29.93,10,9,2,16,4,24,0.19
542,28.33,25.56,22.78,23.89,22.78,21.11,94,84,74,29.9,10,8,0,15,7,25,1.34
543,31.67,27.22,22.22,25,23.33,21.67,100,83,65,29.85,10,7,0,23,5,15,2.66
544,32.22,27.78,22.78,23.89,22.78,21.11,100,82,64,29.95,10,10,7,12,4,21,0
545,28.89,25.56,21.67,24.44,22.78,21.11,94,87,79,30.02,10,8,0,13,1,22,1.09
546,28.33,25.56,22.22,25,22.78,21.11,100,90,79,30.02,10,8,0,17,3,26,0.49
547,30,26.11,22.22,25.56,23.89,21.11,100,85,70,30.03,10,7,0,17,4,29,0.93
548,31.67,27.22,22.22,25,23.33,21.67,100,84,68,30.06,10,9,6,10,5,17,0
549,33.33,28.89,23.89,24.44,22.78,21.67,94,73,52,30.1,10,10,10,13,5,20,0
550,33.33,28.33,23.33,23.33,22.78,21.11,100,78,56,30.12,10,10,10,12,3,16,0
551,33.89,28.33,22.78,23.33,22.22,21.11,100,76,52,30.06,10,10,10,12,4,17,0
552,33.89,29.44,24.44,23.33,22.78,21.11,94,73,52,29.98,10,10,10,10,6,18,0
553,32.78,28.33,23.33,23.89,22.78,21.11,94,75,56,29.99,10,10,6,14,1,22,0.01
554,32.78,27.78,22.78,23.89,22.78,21.11,94,73,52,30,10,9,2,13,2,17,0.08
555,33.89,28.89,23.33,23.33,22.22,21.11,100,75,49,29.97,10,9,5,10,5,18,0
556,34.44,28.89,22.78,24.44,22.78,21.67,100,76,52,30.01,10,7,0,14,4,26,0.75
557,32.78,27.22,21.67,23.89,21.67,20.56,93,78,63,30.01,10,10,10,17,4,31,0
558,32.78,27.22,21.11,22.78,21.67,20.56,100,78,56,29.98,10,10,6,16,6,29,0
559,32.78,28.89,24.44,23.33,22.22,20.56,88,69,49,29.96,10,9,7,12,6,19,0
560,33.33,28.89,24.44,23.33,22.78,22.22,94,73,52,29.98,10,10,9,14,7,22,0
561,32.78,28.89,24.44,23.89,22.78,21.67,94,75,56,30,10,10,8,14,7,26,0
562,32.78,28.89,25,23.33,22.22,20.56,88,72,55,29.99,10,9,7,16,8,28,0
563,32.78,29.44,25.56,23.89,22.78,21.11,85,71,56,29.95,10,10,8,16,8,28,0
564,32.78,29.44,25.56,23.33,22.22,20.56,85,69,52,29.98,10,9,6,18,8,29,0
565,33.89,29.44,24.44,23.33,21.67,18.89,88,65,41,30.03,10,9,6,16,8,24,0
566,34.44,28.89,23.33,23.33,21.11,17.78,94,68,41,30.06,10,9,6,13,6,21,0
567,33.89,28.33,22.78,22.78,21.11,18.89,94,69,44,30.1,10,10,8,14,5,19,0
568,34.44,28.89,23.33,22.78,21.67,20,87,67,46,30.05,10,10,10,12,5,19,0
569,35.56,30,23.89,22.78,21.67,20,94,69,43,29.93,10,10,9,13,5,19,0
570,36.11,30,23.33,22.22,20.56,16.67,87,61,34,29.87,10,10,10,10,6,18,0
571,35,29.44,23.89,22.22,21.11,18.89,87,64,41,29.91,10,10,10,13,6,19,0
572,35,29.44,23.33,22.22,21.11,19.44,93,69,44,29.95,10,10,4,12,6,19,0
573,35.56,30,24.44,23.33,22.22,20.56,88,66,43,29.94,10,10,10,13,7,21,0
574,36.67,31.11,25,23.33,22.22,20.56,88,65,42,29.96,10,10,10,14,7,23,0
575,36.11,30.56,24.44,23.33,22.22,20,88,65,42,29.97,10,10,10,13,6,22,0
576,36.11,30,23.33,22.78,21.67,19.44,94,66,38,29.93,10,10,8,12,5,19,0
577,36.11,30,23.89,22.78,21.67,18.89,94,66,38,29.88,10,10,8,13,6,19,0
578,36.11,30.56,25,23.33,22.22,20,85,64,42,29.89,10,10,10,13,7,23,0
579,37.22,31.11,25,22.78,21.11,18.33,88,62,35,29.95,10,10,10,14,7,24,0
580,37.22,31.11,25,23.33,21.67,20,85,62,38,29.98,10,10,10,13,6,20,0
581,36.67,30.56,23.89,22.78,21.11,18.89,94,66,38,29.95,10,10,10,12,5,19,0
582,36.67,30.56,24.44,23.89,22.22,20,94,67,40,29.89,10,9,6,12,6,17,0
583,37.78,31.67,25,23.89,22.22,18.89,88,62,35,29.9,10,9,5,13,6,20,0
584,37.78,31.67,25,23.89,21.67,18.33,91,63,35,29.93,10,9,6,14,8,25,0
585,38.33,31.67,24.44,23.33,21.67,18.33,88,61,33,29.99,10,10,10,12,6,18,0
586,38.33,31.11,23.89,21.67,18.89,15.56,82,55,27,30.01,10,10,10,10,2,16,0
587,38.89,32.22,25.56,21.11,20,16.67,69,52,35,29.97,10,10,10,13,4,21,0
588,37.22,30,22.78,17.78,16.11,13.33,68,47,25,29.94,10,10,10,10,3,17,0
589,37.78,31.11,23.89,18.89,16.11,14.44,69,48,26,29.88,10,10,10,10,3,16,0
590,37.22,30.56,23.89,20.56,17.78,15.56,79,54,29,29.86,10,10,10,13,4,17,0
591,37.78,31.67,25,23.33,21.11,18.89,88,62,35,29.9,10,10,10,12,6,22,0
592,38.33,32.22,25.56,23.89,21.67,17.78,85,59,33,29.93,10,10,10,13,7,21,0
593,38.89,32.22,25,22.78,21.67,18.33,85,59,33,29.89,10,10,10,13,7,22,0
594,38.33,31.67,24.44,22.78,21.11,18.89,88,61,33,29.87,10,10,10,13,6,22,0
595,39.44,32.22,24.44,22.78,22.78,22.22,100,66,31,29.86,10,10,10,20,10,24,0
596,39.44,31.67,23.33,-17.78,-17.78,-17.78,100,65,29,0,0,0,0,0,0,0,0
597,40.56,32.22,23.33,-17.78,-17.78,-17.78,100,62,24,0,0,0,0,14,6,20,0
598,40.56,32.22,23.89,-17.78,-17.78,-17.78,0,0,0,0,0,0,0,0,0,0,0
599,40.56,33.33,26.11,20.56,20,18.89,55,43,31,29.95,10,10,10,13,3,20,0
600,40,32.78,25.56,21.11,19.44,17.22,74,51,27,29.94,10,10,10,10,3,19,0
601,38.33,32.22,25.56,23.33,20.56,18.33,85,58,31,29.95,10,10,10,10,4,17,0
602,36.67,31.67,26.11,22.78,18.89,13.33,74,54,33,29.96,10,10,10,10,3,16,0
603,36.67,30.56,23.89,21.11,19.44,16.11,82,58,33,29.93,10,10,8,13,4,19,0
604,36.67,30,23.33,21.67,20,17.78,87,61,35,29.91,10,10,9,12,4,17,0
605,37.22,31.11,24.44,22.78,21.11,18.33,88,62,35,29.84,10,10,10,14,7,23,0
606,37.22,31.67,25.56,23.33,22.22,19.44,85,62,39,29.8,10,10,10,13,6,20,0
607,28.89,26.11,22.78,23.33,21.67,18.89,94,78,62,29.94,10,8,1,13,4,22,0.35
608,33.33,27.78,22.22,23.33,21.67,19.44,93,73,52,29.96,10,9,4,14,5,23,0
609,37.22,30.56,23.89,23.89,22.78,18.33,94,65,35,29.92,10,10,10,13,6,22,0
610,38.33,31.67,24.44,24.44,22.22,18.33,94,64,33,29.97,10,10,10,12,5,18,0
611,38.33,31.67,24.44,22.78,20,16.67,87,58,29,30,10,10,10,9,2,15,0
612,38.33,31.67,25,21.67,20,18.33,79,56,33,30.01,10,10,10,12,3,23,0
613,36.67,30,22.78,21.67,20,17.78,87,62,36,30.05,10,10,10,8,3,13,0
614,36.67,30,23.33,22.22,17.78,13.33,87,56,25,30.01,10,10,10,12,4,18,0
615,36.67,29.44,22.22,18.33,15.56,13.89,73,50,27,29.95,10,10,10,12,4,18,0
616,35,28.33,21.67,18.33,17.22,15.56,79,55,31,29.98,10,10,10,9,3,15,0
617,35.56,30,23.89,19.44,18.33,16.67,74,55,36,29.97,10,10,10,10,3,17,0
618,36.11,30,23.33,22.22,19.44,16.11,87,59,30,29.97,10,10,10,16,5,24,0
619,34.44,28.89,23.33,22.22,20.56,17.22,87,64,41,30,10,10,10,14,5,21,0
620,35,28.33,21.67,21.11,19.44,17.78,90,65,39,30.01,10,10,10,12,4,19,0
621,34.44,28.89,22.78,21.67,20.56,18.33,87,64,41,29.92,10,10,10,13,3,19,0
622,37.78,31.11,23.89,23.33,22.22,18.89,88,62,35,29.91,10,10,10,14,6,23,0
623,38.33,32.22,26.11,25,22.78,18.89,91,62,33,29.95,10,10,10,16,7,24,0.01
624,37.78,31.11,24.44,23.89,21.67,18.33,94,63,31,29.95,10,10,8,12,6,19,0
625,37.78,31.11,24.44,23.33,21.11,17.78,88,61,33,29.91,10,10,10,13,6,20,0
626,37.22,31.11,24.44,23.33,21.67,18.33,88,61,33,29.89,10,10,10,10,5,16,0
627,33.89,28.89,23.33,23.89,22.78,20,100,74,47,29.91,10,8,1,10,3,17,1.05
628,35.56,28.89,22.22,24.44,22.78,20,100,71,42,29.91,10,7,0,16,2,25,0.79
629,33.89,28.89,23.89,23.89,22.78,20,94,72,49,29.92,10,8,4,12,3,20,0
630,32.78,26.67,20.56,22.22,13.89,7.78,87,55,23,30.02,10,10,10,13,5,20,0
631,32.78,25,17.22,14.44,10.56,8.33,73,49,24,30.02,10,10,10,13,4,20,0
632,32.22,25,17.78,20,13.89,10.56,79,53,27,30.01,10,10,10,12,5,17,0
633,35,28.89,22.78,22.22,21.11,20,87,67,46,30.02,10,10,7,16,5,26,0
634,33.89,28.89,23.89,23.33,22.22,20.56,94,72,49,30.05,10,9,2,13,6,19,0.04
635,35.56,30,23.89,22.78,21.67,18.33,94,67,39,29.99,10,10,10,13,6,18,0
636,35.56,30,23.89,22.78,21.11,16.11,94,64,33,29.88,10,10,10,12,6,18,0
637,35.56,29.44,23.33,22.78,20,11.67,94,60,26,29.92,10,10,10,9,3,14,0
638,35,27.78,20.56,21.11,17.22,13.89,90,60,30,29.96,0,0,0,9,3,15,0
639,35,28.89,22.78,21.67,17.78,11.67,87,57,26,29.95,0,0,0,12,4,16,0
640,36.11,28.89,21.11,19.44,17.78,16.11,79,56,33,29.98,10,10,10,10,4,17,0
641,34.44,27.22,20,20.56,16.67,11.67,90,58,26,29.99,10,10,9,10,2,15,0
642,35,27.78,20.56,17.78,14.44,11.11,73,49,24,29.99,10,10,10,10,2,16,0
643,35.56,28.89,22.22,19.44,17.78,15.56,79,58,36,30,10,10,10,12,2,19,0
644,35,27.78,20,18.33,15,10.56,84,54,24,29.93,10,10,10,12,3,21,0
645,35,27.22,19.44,19.44,15,11.11,76,50,24,29.87,10,10,10,13,2,22,0
646,31.67,26.11,20.56,18.89,17.22,15.56,90,64,38,29.83,10,10,7,12,3,17,0
647,34.44,27.22,19.44,18.89,17.78,16.67,87,63,38,29.86,10,10,10,10,2,17,0
648,35,28.33,21.11,18.33,16.67,14.44,84,56,28,29.94,10,10,10,10,2,16,0
649,34.44,27.78,20.56,17.22,15.56,13.89,73,52,30,30,10,9,1,12,4,17,0
650,31.67,25.56,19.44,14.44,10,4.44,68,45,22,29.97,10,10,10,12,5,18,0
651,30.56,22.22,13.33,7.22,6.11,4.44,57,40,22,29.88,10,10,10,8,3,14,0
652,30.56,22.78,15,10,8.33,6.67,67,45,23,29.95,10,10,10,8,2,14,0
653,29.44,24.44,19.44,13.33,11.11,8.89,57,45,32,30.03,10,10,10,9,2,13,0
654,32.22,25,17.22,13.33,11.67,9.44,63,44,24,30.07,10,10,10,8,3,12,0
655,32.78,25,16.67,17.22,14.44,11.67,72,54,36,30.02,10,10,10,12,3,15,0
656,32.78,26.67,20,20.56,17.78,15,90,64,38,30,10,10,10,10,3,20,0
657,31.11,26.67,22.22,18.89,17.78,16.67,79,62,45,30.07,10,10,9,8,2,11,0
658,32.22,26.11,19.44,16.67,15,14.44,78,56,34,30.11,10,10,10,10,3,16,0
659,35,26.67,17.78,17.78,16.11,15,78,55,31,29.92,10,10,10,13,4,21,0
660,37.22,30,22.22,22.78,19.44,17.78,90,62,33,29.78,10,9,5,13,6,23,0
661,34.44,26.11,17.78,22.78,7.22,-2.22,79,45,10,29.96,10,10,10,12,5,20,0
662,35.56,25.56,15.56,9.44,5,1.67,60,36,12,30.03,10,10,5,9,3,15,0
663,35,26.11,17.22,19.44,13.33,7.78,87,55,23,30.06,10,10,7,12,4,21,0
664,32.22,24.44,16.67,18.89,13.33,8.89,93,60,26,30.15,10,10,10,12,2,16,0
665,31.11,23.89,16.67,12.22,8.89,5.56,67,46,25,30.22,10,10,10,9,4,16,0
666,28.89,21.67,13.89,5.56,1.67,-1.67,51,33,14,30.27,10,10,10,9,4,14,0
667,30,21.11,12.22,11.67,7.22,3.33,67,46,25,30.19,10,10,10,12,4,18,0
668,30.56,22.78,14.44,20,14.44,11.11,86,61,35,30.08,10,10,10,13,4,20,0
669,30,26.11,22.22,21.11,20,18.33,90,71,51,30.06,10,10,9,16,8,24,0
670,27.78,24.44,21.11,23.33,21.11,19.44,100,85,69,29.97,10,7,2,16,7,25,0.16
671,26.67,24.44,21.67,24.44,22.78,20.56,100,91,82,29.89,10,7,1,21,6,32,0.43
672,24.44,20,15.56,23.33,18.89,15.56,100,94,87,29.9,10,4,1,17,9,26,4.79
673,17.78,16.11,13.89,14.44,13.89,12.78,100,89,78,30.02,10,8,3,17,9,31,0.65
674,26.11,20.56,14.44,13.89,12.22,10,78,62,45,29.97,10,10,10,15,6,23,0
675,28.89,21.67,14.44,13.33,11.67,8.33,93,61,28,29.85,10,10,10,8,3,14,0
676,27.78,21.11,14.44,12.22,10,7.22,78,53,28,29.85,10,10,10,18,4,31,0
677,27.22,18.89,10.56,17.78,12.22,9.44,96,66,35,29.89,10,10,10,12,4,18,0
678,23.89,21.67,19.44,22.78,21.11,18.33,100,90,79,29.73,10,4,0,29,8,42,4.93
679,25,21.67,18.33,22.78,18.33,15,100,82,64,29.75,10,8,1,16,4,27,0.89
680,23.89,19.44,15,15,13.89,11.67,97,75,53,29.96,10,10,5,8,3,12,0.07
681,26.11,20,13.89,15.56,14.44,12.78,100,75,50,29.98,10,5,0,10,3,14,0
682,26.67,20.56,13.89,16.67,15,12.78,100,74,47,30.01,10,7,0,10,3,14,0
683,25.56,21.11,16.11,20,17.78,15,100,82,64,30.02,10,9,5,13,5,20,0
684,29.44,26.11,22.22,23.33,22.22,20.56,100,83,65,29.97,10,9,2,12,6,19,0.05
685,24.44,20,15,21.67,12.22,6.11,87,62,37,30.06,10,10,10,14,3,20,0.02
686,17.22,15.56,13.33,13.89,12.22,6.11,100,79,57,30.17,10,8,0,17,8,28,0.53
687,21.67,16.67,11.67,8.33,6.11,5,72,56,39,30.23,10,10,10,13,5,20,0
688,22.78,17.22,11.11,12.78,10,6.67,83,66,49,30.12,10,10,10,6,1,9,0
689,23.33,19.44,15.56,19.44,17.22,12.78,90,82,73,30.02,10,10,10,12,4,20,0
690,29.44,25,20.56,21.67,17.78,-2.78,93,62,31,29.87,10,10,10,13,7,25,0
691,21.67,17.78,13.33,5,2.22,-2.78,51,36,20,30.19,10,10,10,16,6,27,0
692,18.33,16.11,13.33,6.11,3.89,2.78,57,47,37,30.28,10,10,10,7,4,14,0
693,18.33,15.56,12.22,11.11,7.78,4.44,83,66,48,30.3,10,10,6,8,3,11,0.01
694,21.11,16.67,12.22,16.67,11.67,7.78,87,73,58,30.18,10,10,10,9,4,17,0
695,23.89,21.11,18.33,21.67,19.44,17.22,100,92,84,29.85,10,8,2,16,7,28,0.01
696,23.89,16.11,8.33,21.11,12.78,5.56,93,69,44,29.66,10,8,1,18,4,30,1.03
697,22.22,14.44,6.11,7.22,5.56,3.89,93,64,35,29.86,10,10,10,9,2,15,0
698,26.11,17.22,7.78,10.56,7.78,5,86,59,32,30.08,10,10,10,8,1,11,0
699,25,18.33,11.11,16.11,12.78,9.44,93,67,40,30.03,10,10,10,12,4,17,0
700,18.89,12.22,5,17.22,8.33,-3.89,93,63,32,30.12,10,10,7,22,7,35,0
701,15,8.33,1.11,0.56,-1.67,-3.33,82,56,30,30.32,10,10,10,8,2,13,0
702,17.22,8.89,0,5,0.56,-1.67,92,61,30,30.29,10,10,10,9,2,14,0
703,17.78,13.33,8.33,14.44,10,5.56,80,74,67,30.14,10,10,10,9,3,16,0
704,23.33,20,16.67,17.78,16.11,14.44,93,77,61,30.07,10,10,5,14,5,22,0
705,23.33,21.67,20,21.67,20.56,17.22,100,91,81,30.1,10,8,2,14,7,20,0.26
706,23.33,14.44,5,21.67,14.44,3.89,100,94,87,30.14,10,6,0,15,7,22,1.46
707,6.67,5.56,3.89,5.56,3.89,3.33,100,91,82,30.23,10,9,4,13,7,19,0.25
708,8.33,7.22,5.56,6.67,5.56,4.44,96,91,86,30.18,10,8,2,9,4,15,0.04
709,12.78,10,7.22,8.89,7.22,6.11,100,86,72,30.06,10,10,4,7,2,11,0
710,15,11.67,7.78,7.78,6.11,3.89,93,72,51,30.05,10,10,10,7,2,12,0
711,20,12.78,5.56,8.89,4.44,-0.56,100,65,29,30.18,10,10,0,9,3,14,0
712,17.22,11.11,4.44,3.33,2.78,1.67,86,61,36,30.38,10,10,10,8,1,12,0
713,17.22,10,2.78,6.11,3.33,1.67,92,66,39,30.45,10,10,10,9,2,13,0
714,18.33,10.56,2.78,6.11,3.89,1.67,92,66,40,30.43,10,10,10,9,2,14,0
715,21.11,13.89,6.67,10.56,7.78,5.56,93,71,49,30.4,10,10,9,10,2,16,0
716,20.56,13.89,6.67,8.33,6.11,4.44,92,64,35,30.27,10,10,4,7,1,12,0
717,23.89,15,5.56,12.22,8.89,5,96,70,43,30.03,10,10,8,12,3,21,0
718,24.44,16.67,8.33,10,8.33,5,93,61,29,29.98,10,10,8,8,2,13,0
719,25.56,18.33,10.56,16.67,14.44,7.78,100,78,56,29.86,10,8,2,10,4,19,0
720,26.11,18.89,11.11,18.33,16.11,10.56,100,79,58,29.83,10,6,0,14,6,23,0
721,23.89,22.78,21.11,21.11,19.44,18.33,90,85,79,29.75,10,9,6,17,9,29,0.01
722,23.33,15.56,7.78,20.56,11.11,6.11,96,84,72,29.7,10,6,1,23,4,37,1.54
723,23.89,15,5.56,7.78,5,1.67,89,57,25,29.78,10,10,10,10,3,18,0
724,23.89,17.78,11.67,18.33,15.56,7.22,100,86,71,29.72,10,10,8,9,4,16,0
725,17.22,12.78,7.78,3.89,-1.67,-3.89,53,40,27,29.92,10,10,10,15,8,26,0
726,20,12.22,3.89,2.78,-0.56,-5,79,54,28,30.08,10,10,10,14,4,25,0
727,14.44,7.78,1.11,1.67,-0.56,-2.78,76,55,33,30.37,10,10,10,13,3,24,0
728,18.89,10.56,2.22,8.89,4.44,0,92,68,44,30.4,10,10,10,13,4,20,0
729,19.44,15,10.56,16.67,13.33,8.89,100,89,78,30.12,10,10,5,13,5,25,0
730,24.44,18.33,12.22,17.78,16.11,10.56,93,79,64,29.96,10,9,5,8,2,15,0
731,26.11,17.78,9.44,18.89,13.89,7.78,93,69,45,29.7,10,10,10,13,5,20,0
732,27.22,19.44,11.67,18.89,12.22,4.44,93,59,25,29.57,10,9,3,15,3,24,0
733,23.33,17.22,11.11,17.22,13.33,7.78,93,81,68,29.84,10,9,4,10,1,16,0
734,21.11,16.11,10.56,18.89,11.67,6.11,93,77,61,29.95,10,9,6,9,2,17,0
735,25.56,23.33,21.11,21.11,20.56,20,93,85,76,29.72,10,9,5,21,10,31,0.1
736,22.78,12.78,2.22,20.56,8.33,0.56,93,89,84,29.68,10,8,1,21,10,33,1.32
737,7.78,5,2.22,1.11,-1.11,-2.22,92,75,58,29.94,10,10,10,21,8,35,0
738,9.44,6.11,2.78,6.11,2.22,0,92,74,56,30.09,10,8,3,8,3,11,0.03
739,13.89,9.44,5,6.67,5.56,3.89,100,80,59,30.23,10,7,3,9,4,14,0
740,11.67,7.78,3.89,4.44,3.89,2.78,93,78,63,30.32,10,10,10,13,6,20,0
741,8.89,7.78,6.67,2.22,0.56,-2.22,66,60,53,30.48,0,0,0,15,8,24,0
742,8.33,7.22,5.56,5.56,1.11,-1.67,100,77,53,30.42,0,0,0,8,2,13,0.2
743,16.67,11.11,5,6.11,3.89,0,96,70,43,30.3,10,10,10,9,3,14,0
744,14.44,8.89,2.78,0.56,-0.56,-1.11,79,58,36,30.33,10,10,10,9,4,13,0
745,13.33,7.78,2.22,4.44,2.22,0,85,68,51,30.28,10,10,10,9,3,12,0
746,11.67,10,7.78,11.11,8.33,5,100,86,71,30.05,10,5,1,9,3,13,0.13
747,22.78,16.11,9.44,11.67,10,7.78,100,71,41,29.9,10,5,0,9,2,13,0
748,18.89,12.78,6.67,13.89,10,6.11,100,86,72,29.79,10,7,2,13,3,18,0
749,14.44,8.89,3.33,6.67,1.11,-2.22,71,59,46,30.02,10,10,10,18,9,30,0
750,10,5.56,0.56,-2.22,-3.33,-3.89,82,61,39,30.3,10,10,10,12,4,16,0
751,13.33,7.22,1.11,0,-2.22,-3.89,82,59,35,30.26,10,10,10,7,1,9,0
752,18.89,10,1.11,3.89,1.11,-1.67,89,58,27,30.28,10,10,10,10,2,16,0
753,18.89,11.11,3.33,5.56,3.89,2.22,92,68,43,30.17,10,10,10,10,2,17,0
754,21.11,15,8.33,12.78,10,4.44,93,75,57,29.91,10,10,10,12,3,19,0
755,21.11,15,8.89,11.67,3.89,-1.67,93,58,22,29.79,10,10,10,10,3,17,0
756,17.78,12.22,6.11,6.11,2.78,0.56,76,61,46,29.96,10,10,10,20,5,29,0
757,13.89,7.22,0,1.67,0,-1.11,89,65,41,30.19,10,10,10,12,3,18,0
758,15,8.89,2.22,3.33,2.22,0.56,92,70,47,30.32,10,10,10,8,2,12,0
759,20.56,13.33,6.11,10.56,8.33,5,100,78,55,30.19,10,7,2,14,4,26,0
760,13.89,10.56,7.22,10.56,3.89,-0.56,89,70,50,30.1,10,10,9,12,4,17,0
761,17.78,12.22,6.11,13.33,7.78,-2.78,100,66,32,30,10,6,1,22,7,36,0.01
762,12.22,7.78,2.78,-1.11,-1.67,-2.22,70,56,41,30.31,10,10,10,18,8,26,0
763,13.89,6.67,-0.56,0,-1.11,-2.78,85,61,36,30.28,10,10,10,8,3,12,0
764,21.11,11.67,1.67,11.11,5,-0.56,82,61,40,30.03,10,10,10,14,5,24,0
765,23.89,18.89,13.33,13.89,10.56,2.78,93,66,38,29.94,10,10,10,10,4,20,0
766,14.44,10.56,6.11,2.22,0,-3.33,58,50,41,30.2,10,10,10,18,10,30,0
767,15,8.89,2.22,-1.11,-3.33,-6.67,70,47,24,30.32,10,10,10,14,5,21,0
768,21.67,11.11,0,2.22,0,-2.78,82,53,23,30.17,10,10,10,10,2,17,0
769,24.44,13.89,3.33,3.89,1.67,0.56,85,53,21,30.02,10,10,10,14,4,24,0
770,25,16.67,7.78,13.33,7.78,3.89,84,59,33,29.87,10,10,10,14,6,25,0
771,30,22.22,14.44,14.44,12.22,2.22,93,55,17,29.81,10,10,10,12,5,19,0
772,25,18.89,12.22,16.11,12.22,2.78,100,73,46,29.74,10,7,0,18,8,28,0
773,22.22,16.67,10.56,2.22,-2.78,-5,37,28,18,29.78,10,10,5,16,6,23,0
774,14.44,9.44,3.89,-2.78,-3.89,-5,54,41,28,30.2,10,10,10,15,7,23,0
775,15,8.33,1.11,-2.22,-5,-7.22,75,49,23,30.46,10,10,10,8,3,12,0
776,16.67,8.89,0.56,3.89,-2.22,-5,70,47,24,30.38,10,10,10,15,4,22,0
777,15.56,10.56,3.89,5,-0.56,-3.89,79,51,28,30.35,10,10,10,15,7,29,0
778,20,10,0,2.78,0.56,-1.11,96,62,28,30.23,10,10,6,13,3,21,0
779,18.33,13.33,7.78,0.56,-6.67,-10,58,37,15,30.34,10,10,10,17,8,29,0
780,23.33,13.89,3.89,0.56,-2.78,-6.67,59,40,20,30.32,10,10,10,14,6,23,0
781,23.33,13.33,3.33,2.22,0.56,-1.11,82,54,25,30.3,10,10,10,9,3,16,0
782,28.33,20,11.11,8.33,2.78,-1.11,52,36,20,30.12,10,10,10,13,5,20,0
783,26.11,17.22,8.33,8.89,6.11,3.33,93,60,27,30.21,10,10,10,10,3,19,0
784,23.89,17.78,11.11,12.22,8.33,3.33,78,60,42,30.25,10,10,10,15,6,24,0
785,23.89,18.89,13.89,13.89,12.78,11.67,93,71,49,29.97,10,10,9,15,6,26,0
786,23.33,16.67,10,14.44,9.44,1.67,90,59,27,29.89,10,10,10,16,5,25,0
787,27.78,17.22,6.11,8.33,4.44,0,71,49,26,29.99,10,10,10,12,4,19,0
788,23.89,17.22,10,5.56,0.56,-3.89,44,35,25,30.2,10,10,10,13,6,21,0
789,26.11,19.44,12.22,14.44,12.22,7.22,93,68,42,30.16,10,10,7,16,9,29,0
790,27.22,22.78,17.78,16.67,14.44,13.33,81,63,45,30.1,10,10,10,16,8,28,0
791,24.44,21.67,18.89,17.78,16.67,15.56,87,76,64,30.03,10,10,7,14,6,21,0
792,21.67,20,18.33,18.33,17.22,15.56,93,86,79,30,10,10,8,9,3,16,0.01
793,22.22,18.33,13.89,15,13.33,11.11,90,74,57,29.88,10,10,7,12,4,18,0
794,16.11,12.22,8.33,14.44,10,2.22,93,76,59,29.73,10,8,1,23,9,37,1.33
795,18.33,12.22,5.56,3.33,-1.11,-5,76,49,21,30.18,10,10,10,18,7,28,0
796,20.56,12.22,3.33,1.11,-0.56,-2.78,79,53,26,30.31,10,10,10,13,5,19,0
797,17.78,11.67,5,2.22,-1.67,-3.89,56,42,27,30.4,10,10,10,10,3,16,0
798,22.78,14.44,5.56,11.11,7.22,2.22,82,62,42,30.24,10,10,10,14,5,21,0
799,25.56,19.44,12.78,15,12.78,11.11,93,72,50,30.04,10,10,10,13,7,23,0
800,25,21.11,16.67,16.11,15.56,13.89,93,72,50,30.04,10,10,10,13,6,22,0
801,27.22,21.11,15,16.67,12.78,1.67,87,62,36,30.02,10,10,10,16,8,28,0
802,25.56,17.78,9.44,16.67,8.33,0,81,59,36,30.06,10,10,8,16,6,25,0
803,28.33,22.78,16.67,17.78,10,0.56,87,53,18,29.97,10,10,9,17,7,28,0
804,24.44,16.11,7.22,8.33,2.78,0.56,71,48,25,30.12,10,10,10,12,4,22,0
805,26.11,20,13.89,13.33,12.22,9.44,93,66,39,30.13,10,10,10,12,6,18,0
806,25,20,14.44,15.56,13.89,12.22,93,74,54,30.08,10,9,5,16,9,26,0
807,24.44,21.11,17.78,18.33,16.67,15,87,76,64,29.83,10,9,2,21,11,33,0.01
808,28.33,24.44,20,20.56,18.89,17.78,90,74,58,29.69,10,8,1,17,9,30,0.22
809,21.67,18.33,15,19.44,14.44,13.89,100,92,84,29.75,10,6,1,15,8,27,2.18
810,17.78,16.11,14.44,16.11,15,13.89,93,92,90,29.88,10,8,2,16,8,26,0.4
811,21.67,18.33,15,17.22,16.11,13.89,100,87,73,29.93,10,7,2,9,3,15,0.36
812,23.33,18.89,13.89,14.44,13.33,12.22,100,75,49,29.9,10,10,8,9,4,16,0
813,29.44,21.67,13.33,16.11,10.56,2.78,97,59,20,29.79,10,8,2,15,4,25,0
814,33.33,22.78,12.22,17.22,10,5,73,48,23,29.79,10,10,10,14,5,26,0
815,33.33,26.67,19.44,20,14.44,5,100,59,18,29.79,10,7,3,12,6,20,0
816,27.22,21.67,16.11,19.44,13.89,5.56,84,61,37,29.93,10,9,5,13,5,17,0
817,26.11,22.78,19.44,19.44,18.89,17.78,90,76,62,29.88,10,6,1,7,4,12,0.02
818,26.11,20,13.33,20.56,18.89,10.56,100,85,69,29.82,10,7,2,17,5,25,0.07
819,16.67,12.78,8.33,9.44,2.22,-2.22,72,52,31,30.16,10,10,10,18,11,29,0
820,17.78,11.67,5.56,0,-2.22,-3.89,62,44,25,30.39,10,10,10,15,5,23,0
821,20,11.11,1.67,3.89,1.11,-1.11,82,57,32,30.37,10,10,10,12,4,20,0
822,25.56,16.67,7.22,14.44,10,4.44,86,67,47,30.06,10,10,10,17,9,31,0
823,27.78,23.33,18.33,18.33,16.67,15,87,71,54,29.8,10,10,7,15,9,27,0.05
824,21.11,15,8.89,19.44,7.78,-0.56,72,51,30,29.93,10,8,2,17,8,28,0.15
825,22.78,13.89,5,7.78,5,3.89,89,60,31,29.95,10,10,10,12,4,19,0
826,23.33,16.11,8.89,13.89,11.67,8.33,93,75,57,29.9,10,9,5,13,4,20,0
827,23.33,18.33,13.33,17.22,12.78,6.67,100,70,40,30.03,10,8,2,15,5,24,0
828,23.89,16.67,8.89,7.78,5.56,4.44,71,51,31,30.09,10,10,10,10,4,18,0
829,20.56,17.78,14.44,20,16.67,8.33,100,76,52,29.91,10,5,2,13,6,22,0.02
830,25,22.78,20,21.11,20.56,20,100,88,76,29.74,10,5,2,14,7,24,0.03
831,30,24.44,18.89,20.56,13.33,3.89,97,59,20,29.67,10,7,2,12,5,18,0
832,18.89,15,10.56,11.11,7.22,3.33,72,57,42,29.97,10,9,2,21,8,37,0.34
833,23.33,15.56,7.22,5.56,3.33,1.11,76,50,23,30.24,10,10,10,13,5,20,0
834,26.11,16.67,6.67,7.22,5,3.89,89,58,27,30.18,10,10,10,12,3,17,0
835,28.33,20,11.67,11.67,7.78,3.33,66,48,30,30.15,10,10,10,12,4,18,0
836,27.78,20,11.67,12.78,8.33,4.44,66,50,33,30.14,10,10,10,15,5,25,0
837,27.78,20.56,12.78,14.44,8.89,1.67,90,56,21,30.04,10,10,10,15,6,23,0
838,29.44,19.44,8.89,10.56,7.22,5,86,55,23,30.01,10,10,10,9,3,19,0
839,26.67,20,12.78,9.44,6.11,3.33,77,51,25,30.11,10,10,10,12,4,19,0
840,25,20,14.44,14.44,11.67,6.67,84,63,41,30.09,10,10,2,16,5,26,0.02
841,26.11,22.22,18.33,18.89,16.67,15,87,75,62,29.96,10,10,10,21,8,32,0
842,31.67,26.67,21.11,21.67,20,18.89,93,74,55,29.89,10,10,6,15,5,26,0
843,22.78,20,16.67,21.11,16.11,14.44,93,83,73,30.03,10,8,1,15,7,26,1.19
844,22.22,18.33,14.44,16.11,15.56,14.44,100,83,66,30.04,10,8,2,10,4,20,0.4
845,25,18.89,12.22,14.44,13.33,11.67,100,75,50,30,10,6,0,10,4,17,0
846,26.11,19.44,12.22,16.67,14.44,11.67,100,77,54,29.87,10,8,4,14,5,22,0
847,23.89,21.11,17.78,21.67,18.89,16.11,100,92,84,29.84,10,7,1,16,8,28,0.25
848,25.56,21.67,17.78,21.67,19.44,17.22,97,90,82,29.93,10,5,0,16,6,25,1.34
849,23.89,20.56,17.22,20,18.33,17.22,100,87,73,30.05,10,6,1,13,4,23,1.13
850,27.22,22.22,16.67,19.44,17.78,16.11,100,79,58,30.06,10,6,1,8,2,13,0
851,27.22,21.67,15.56,19.44,17.22,14.44,93,72,51,29.98,10,9,2,20,4,35,0.58
852,28.33,22.22,15.56,18.89,16.11,14.44,93,70,47,29.97,10,8,2,17,5,25,0.41
853,28.89,22.22,15.56,15.56,12.78,9.44,93,63,33,30.06,10,10,10,12,4,16,0
854,28.33,20.56,12.78,15,12.22,10,87,61,34,30.02,10,10,10,9,3,17,0
855,26.11,21.67,17.22,19.44,17.22,14.44,93,79,64,29.86,10,10,10,13,6,20,0
856,31.11,26.11,21.11,22.78,20.56,19.44,93,76,59,29.77,10,10,6,15,7,25,0
857,30,26.11,22.22,22.22,20.56,18.89,93,77,61,29.67,10,8,4,17,9,27,0
858,32.22,24.44,16.67,21.67,14.44,2.22,93,54,15,29.69,10,8,1,16,5,37,0.54
859,30.56,23.89,17.22,22.78,18.89,13.33,93,71,48,29.78,10,8,2,15,7,25,0
860,28.89,26.67,23.89,23.33,22.78,22.22,94,82,70,29.65,10,7,3,14,7,23,0
861,30,24.44,18.89,23.33,19.44,16.67,94,73,51,29.7,10,8,0,13,4,23,0.92
862,25.56,22.22,18.89,18.33,15.56,12.78,87,69,50,29.89,10,10,10,13,7,22,0
863,21.11,17.78,13.89,12.22,10.56,9.44,80,68,55,30.07,10,10,10,15,7,25,0
864,25.56,19.44,12.78,10.56,8.89,7.78,86,60,33,30.08,10,10,10,12,4,19,0
865,30.56,21.67,12.22,12.78,10.56,8.33,89,57,25,30.04,10,10,10,13,5,19,0
866,31.67,23.33,15,13.33,11.67,10,72,51,29,30.02,10,10,10,8,4,15,0
867,30,21.67,13.33,12.78,11.67,10,86,60,34,30.03,10,10,10,10,3,19,0
868,29.44,22.78,15.56,16.67,14.44,13.33,90,65,40,29.96,10,10,10,17,6,29,0
869,22.78,21.11,19.44,20.56,18.33,16.67,97,88,78,29.85,10,10,3,17,8,27,0.11
870,30.56,25,19.44,21.11,18.89,17.78,87,69,50,29.76,10,10,7,16,7,30,0
871,32.78,26.11,18.89,23.33,21.11,17.78,93,75,56,29.87,10,6,2,17,8,29,0.27
872,30.56,24.44,18.33,22.78,19.44,17.22,87,76,65,29.98,10,8,2,18,6,26,0.33
873,28.89,24.44,20,21.11,20,17.22,93,78,62,30.09,10,9,2,17,4,29,0.11
874,30.56,26.11,21.67,21.11,19.44,17.78,79,69,58,30.09,10,10,10,8,4,13,0
875,27.22,22.22,17.22,21.67,20,17.78,100,87,74,30.07,10,6,1,9,2,16,0.77
876,22.22,19.44,16.67,19.44,16.67,12.22,93,83,72,30.05,10,9,4,9,4,15,0.23
877,26.67,23.33,19.44,19.44,18.89,18.33,100,84,67,29.92,10,6,2,12,5,17,0.26
878,27.78,23.33,18.33,20.56,18.89,16.11,100,83,65,29.92,10,6,1,20,5,31,0.2
879,25.56,21.67,17.78,17.22,16.11,14.44,93,77,60,30.02,10,10,4,15,7,23,0.16
880,24.44,20.56,16.11,18.33,16.11,15,100,84,68,29.97,10,5,1,15,5,29,2.25
881,28.33,22.78,16.67,18.89,16.67,15.56,93,74,55,29.98,10,9,5,8,3,13,0
882,28.33,25,21.11,23.33,20.56,17.78,87,81,74,30,10,10,8,9,4,16,0
883,30.56,26.67,22.22,23.89,22.22,20.56,93,82,70,29.94,10,10,6,14,5,22,0
884,29.44,25.56,21.67,23.89,22.22,20.56,93,84,74,29.88,10,9,2,14,7,22,0.01
885,30.56,27.22,23.33,23.33,22.22,21.11,87,76,65,29.91,10,10,10,13,8,22,0
886,30,27.78,25,25,23.89,22.78,88,81,74,29.96,10,8,5,13,6,22,0
887,32.22,26.11,20,25.56,22.78,19.44,93,76,59,29.84,10,8,5,16,7,28,0.52
888,25,21.67,18.33,20.56,18.89,17.78,100,87,74,29.76,10,8,2,12,6,21,0.35
889,32.78,25.56,18.33,25,20.56,17.78,100,79,57,29.9,10,6,0,13,5,19,0.02
890,31.11,26.11,21.11,23.33,21.67,18.89,100,78,55,30.03,10,8,3,14,6,21,0.18
891,31.67,25.56,18.89,22.22,19.44,16.11,93,67,40,29.99,10,8,2,13,5,19,0.31
892,27.78,23.89,19.44,23.89,21.67,19.44,100,85,69,29.87,10,8,1,14,3,22,1.07
893,30.56,25.56,20,22.22,20.56,18.89,97,75,53,29.88,10,6,1,10,2,16,0.19
894,28.89,24.44,20,22.22,20.56,17.22,100,76,51,29.88,10,7,1,10,4,18,0.36
895,29.44,23.89,18.33,21.11,18.89,17.22,93,74,55,29.89,10,6,1,10,3,16,1.61
896,30,25,19.44,21.67,20,18.89,100,76,51,29.89,10,9,2,13,5,20,0.1
897,31.11,25.56,20,20,16.67,11.67,97,66,34,29.86,10,10,10,14,6,22,0
898,32.22,26.67,21.11,17.22,15,13.89,68,53,38,29.85,10,10,10,13,4,20,0
899,33.33,27.22,20.56,21.11,18.33,17.22,84,64,44,29.88,10,10,10,8,2,14,0
900,33.33,27.22,21.11,22.22,21.11,19.44,93,71,49,29.9,10,10,7,12,3,18,0
901,33.33,27.78,21.67,22.22,21.11,19.44,93,73,52,29.92,10,10,6,20,5,34,0
902,32.78,26.67,20.56,22.78,21.67,20,97,77,56,29.95,10,10,9,10,3,14,0
903,33.89,29.44,24.44,23.89,23.33,22.22,88,72,56,30,10,9,5,12,6,19,0
904,34.44,30,25,25,24.44,23.89,91,74,56,30,10,10,8,14,6,22,0
905,34.44,29.44,24.44,24.44,23.89,22.78,91,76,60,29.94,10,10,10,12,5,18,0
906,34.44,30,25.56,24.44,23.33,22.78,85,71,56,29.85,10,10,8,12,6,21,0
907,35.56,30.56,25.56,23.89,22.78,21.67,85,66,46,29.9,10,8,6,13,7,23,0
908,35.56,30,23.89,23.89,22.78,21.11,94,71,48,29.94,10,9,6,14,6,22,0
909,36.11,30.56,24.44,23.89,22.78,21.67,94,70,46,29.93,10,10,9,10,6,19,0
910,35.56,30,24.44,23.89,22.78,21.67,88,67,46,29.96,10,9,7,10,4,16,0
911,34.44,30,25,24.44,22.78,20,85,67,49,30.06,10,10,10,12,4,17,0
912,35,29.44,23.89,23.33,21.67,20.56,87,65,43,30.14,10,10,10,9,4,17,0
913,35.56,30,23.89,22.78,21.67,20.56,87,66,45,30.08,10,10,10,9,4,16,0
914,35.56,30,24.44,23.33,22.22,21.67,94,72,49,30,10,10,3,13,6,22,0
915,35,29.44,23.89,22.78,22.22,20,94,70,46,30.03,10,10,10,14,6,22,0
916,33.89,28.89,23.89,23.33,22.78,21.67,94,73,52,30.01,10,10,10,13,6,20,0
917,31.11,28.33,25,25.56,23.89,22.22,94,81,68,30.03,10,10,7,10,5,16,0.02
918,35,30,24.44,24.44,22.78,20.56,100,73,46,30.07,10,9,5,13,5,19,0
919,35.56,30,23.89,23.89,21.67,20,87,65,42,30.06,10,10,10,8,2,15,0
920,38.33,30.56,22.22,22.78,21.67,20,100,69,37,30.02,10,9,1,26,3,39,0.33
921,35.56,28.89,21.67,23.89,21.11,18.89,93,66,39,29.97,10,10,10,9,2,13,0
922,34.44,29.44,24.44,23.33,21.67,19.44,88,65,41,29.94,10,10,10,10,4,17,0
923,35.56,29.44,23.33,23.33,21.67,20.56,93,70,46,29.97,10,10,8,10,5,17,0
924,36.67,30.56,24.44,23.33,22.78,21.67,88,67,45,29.97,10,10,9,14,7,23,0
925,36.67,31.11,25.56,23.89,23.33,22.78,85,67,48,29.91,10,10,10,15,8,25,0
926,37.22,32.22,26.67,23.89,23.33,21.11,85,62,39,29.9,10,10,10,14,8,24,0
927,37.22,31.67,26.11,23.89,23.33,22.78,85,65,45,29.95,10,9,0,16,8,26,0
928,37.78,32.22,26.11,23.89,22.78,20,91,68,45,29.94,10,10,10,16,8,28,0
929,37.22,31.67,26.11,23.33,22.78,21.67,85,64,42,29.92,10,10,5,16,9,26,0
930,37.78,32.22,26.11,23.89,22.78,20,85,64,42,29.96,10,10,10,14,7,23,0
931,37.22,31.67,25.56,24.44,22.78,20.56,91,65,39,29.99,10,10,8,13,7,23,0
932,36.11,30.56,25,25.56,23.33,20.56,91,67,42,29.95,10,9,6,14,6,25,0.04
933,37.78,32.22,26.11,23.89,21.67,18.33,85,60,35,29.88,10,10,9,17,9,31,0
934,37.78,31.67,25,23.33,22.22,20.56,88,64,39,29.91,10,10,10,17,9,28,0
935,38.33,32.78,26.67,24.44,22.78,20.56,85,64,42,29.96,10,10,10,15,8,25,0
936,38.33,31.67,25,23.33,22.78,21.67,88,64,40,29.96,10,10,10,17,8,24,0
937,38.33,32.22,25.56,23.89,21.67,17.78,91,62,33,29.97,10,10,9,13,7,22,0
938,37.78,31.11,24.44,23.33,22.22,18.89,94,66,38,29.98,10,10,9,12,5,20,0
939,37.22,31.11,24.44,23.33,22.22,18.89,88,63,38,30.02,10,10,10,12,7,20,0
940,37.22,31.67,25.56,23.89,22.22,20,91,65,39,30.09,10,10,10,14,5,23,0
941,37.78,31.67,25,23.33,22.22,20.56,85,64,42,30.11,10,10,10,15,5,24,0
942,38.33,31.67,25,23.89,22.22,18.89,88,62,35,30.12,10,10,10,13,5,22,0
943,38.33,31.67,24.44,22.78,20.56,18.33,87,60,33,30.07,10,10,10,12,4,20,0
944,38.89,31.67,24.44,22.78,20.56,18.33,87,59,31,30.01,10,10,10,12,4,17,0
945,38.33,32.22,25.56,23.33,21.67,19.44,85,60,35,29.93,10,10,10,13,6,21,0
946,38.33,32.22,25.56,23.89,22.78,20,91,64,37,29.91,10,10,10,13,5,21,0
947,38.89,31.67,24.44,24.44,22.78,20.56,94,66,37,29.91,10,9,2,21,3,33,0.76
948,33.89,28.89,23.89,25,23.89,21.67,100,76,52,29.93,10,7,1,9,2,17,0.08
949,33.33,28.33,23.33,25.56,23.33,21.11,100,78,55,29.97,10,6,0,16,3,26,1.06
950,36.11,30,23.89,24.44,22.78,21.67,94,70,46,29.98,10,10,8,22,3,30,0
951,35.56,29.44,23.33,23.89,22.22,20.56,91,67,43,29.97,10,10,10,9,4,17,0
952,36.11,30.56,24.44,24.44,22.78,20.56,100,71,42,29.98,10,10,10,12,5,18,0
953,36.67,31.11,25.56,23.89,22.78,19.44,91,66,40,29.97,0,0,0,13,6,21,0
954,37.22,30.56,23.89,23.33,21.11,15.56,94,62,29,30,10,10,10,13,6,22,0
955,36.67,30.56,23.89,23.33,22.22,20.56,94,67,39,30.03,10,10,10,12,5,19,0
956,37.22,31.11,24.44,23.33,22.22,21.11,94,68,42,29.98,10,10,10,10,4,18,0
957,37.22,31.11,24.44,23.89,22.22,21.11,88,65,42,29.92,10,10,10,12,5,20,0
958,37.78,31.67,25,24.44,22.78,21.67,91,67,42,29.93,10,10,10,12,5,18,0
959,37.78,31.67,25,23.89,21.67,19.44,88,63,38,29.93,10,10,10,12,4,18,0
960,37.78,31.67,25,23.89,22.22,20,91,65,39,29.89,10,10,10,12,6,19,0
961,37.78,31.67,25.56,23.89,22.22,20,91,65,39,29.86,10,10,10,10,5,20,0
962,38.89,32.78,26.11,24.44,22.78,20,91,66,40,29.88,10,10,10,13,6,20,0
963,38.89,33.33,27.22,25,22.78,20,91,64,37,29.93,10,10,10,12,5,20,0
964,38.89,32.22,25.56,24.44,23.33,20.56,91,64,37,29.91,10,10,10,12,5,21,0
965,40.56,33.33,26.11,24.44,22.78,20.56,91,63,35,29.81,10,10,9,15,5,24,0
966,35.56,30.56,25,24.44,22.78,21.11,94,73,52,29.82,10,10,7,13,3,19,0.1
967,28.89,25.56,21.67,24.44,23.89,21.11,100,90,79,29.91,10,7,1,15,3,24,0.92
968,24.44,23.33,21.67,22.78,22.22,21.11,100,97,93,30,10,5,1,7,2,12,2.35
969,28.33,25,21.67,24.44,22.78,21.11,100,90,79,30.02,10,6,0,10,3,16,1.79
970,28.89,26.67,23.89,25.56,23.89,22.78,100,90,79,30.06,10,8,1,12,3,16,0.3
971,31.11,27.22,23.33,26.67,23.89,22.78,100,84,68,30.04,10,9,1,12,2,18,0.17
972,33.89,28.89,23.89,25,23.89,22.22,100,76,52,29.94,10,9,2,10,5,19,0.06
973,28.33,25.56,22.78,25,23.33,22.22,94,87,79,29.89,10,8,1,10,4,17,0.74
974,27.78,25.56,22.78,23.89,22.78,21.67,100,87,74,29.97,10,9,4,8,2,14,0.11
975,32.78,28.33,23.89,25,23.33,21.11,94,75,56,30.05,10,9,2,13,4,20,0.04
976,34.44,30,25,24.44,23.33,20.56,91,70,49,30.09,10,10,9,13,7,21,0
977,33.89,29.44,24.44,23.89,22.78,20.56,94,72,49,30.09,10,10,5,13,6,21,0
978,34.44,28.89,23.33,23.89,22.78,21.11,100,75,49,30.04,10,10,7,13,2,17,0.04
979,33.89,28.89,23.89,23.89,22.78,21.67,94,73,52,30,10,10,10,13,3,20,0
980,33.33,27.78,22.22,22.78,21.67,20.56,93,73,52,29.96,10,10,9,12,3,19,0
981,33.33,28.33,22.78,23.89,22.22,21.11,91,72,52,29.98,10,9,1,12,3,22,0.16
982,32.78,27.78,22.78,23.89,22.22,21.67,94,75,56,29.98,10,9,3,16,5,25,0.06
983,33.33,28.33,22.78,22.78,22.22,21.11,94,73,52,29.97,10,10,10,12,4,16,0
984,34.44,28.89,23.33,23.33,22.22,21.11,100,75,49,29.93,10,10,8,9,2,14,0.09
985,35.56,30,23.89,23.33,22.22,20.56,94,70,46,29.92,10,10,8,10,4,15,0
986,33.33,28.89,23.89,23.89,22.22,21.11,87,73,59,29.97,10,10,8,9,3,17,0
987,33.33,28.33,22.78,23.33,22.22,20.56,94,73,52,29.95,10,9,5,10,3,17,0
988,33.89,28.89,23.89,23.89,22.78,21.67,94,73,52,29.96,10,9,6,13,3,19,0.01
989,34.44,28.89,22.78,25,23.33,22.22,94,77,59,30.01,10,10,9,14,5,19,0
990,35,30,25,25.56,24.44,23.89,97,79,60,30.07,10,10,5,17,6,25,0.01
991,35.56,30.56,25.56,25,24.44,22.78,97,75,52,30.08,10,10,8,13,6,20,0
992,35,30,25,24.44,22.78,20.56,91,70,49,29.99,10,10,10,12,6,20,0
993,35,30,25,23.89,22.78,21.67,94,72,49,29.93,10,10,10,13,6,20,0
994,33.89,27.78,21.67,23.89,21.67,17.78,94,68,41,30.06,10,9,2,18,6,31,0.05
995,33.89,27.22,20.56,20,18.89,17.78,84,64,44,30.08,10,10,10,7,2,10,0
996,33.89,27.78,21.11,22.78,20.56,19.44,93,70,47,29.94,10,10,10,10,3,15,0
997,34.44,28.89,23.33,23.89,22.22,20.56,100,73,46,29.96,10,10,6,9,3,15,0
998,33.33,28.89,24.44,24.44,21.67,20.56,82,66,49,30.02,10,10,9,14,3,18,0
999,34.44,28.33,22.22,23.33,21.67,20.56,93,70,46,29.97,10,10,3,12,3,17,0
1000,35,29.44,23.89,23.33,21.67,20,94,69,44,29.92,10,10,10,9,2,12,0
1001,35.56,29.44,23.89,23.89,22.22,21.11,90,67,46,29.94,10,10,10,7,1,0,0
1002,36.67,30.56,23.89,23.89,22.78,21.67,94,70,45,29.93,10,10,10,8,2,12,0
1003,37.22,31.11,24.44,23.89,22.78,21.67,94,68,42,29.97,10,10,10,10,3,16,0
1004,37.22,30.56,23.89,23.89,21.67,18.33,94,66,38,30.01,10,10,10,10,3,17,0
1005,35.56,30,23.89,23.89,20.56,16.11,91,62,33,29.99,10,10,7,10,2,13,0
1006,34.44,27.78,21.11,23.33,20.56,18.33,84,64,44,29.95,10,10,10,14,5,18,0
1007,33.89,29.44,24.44,25,23.33,22.22,94,73,52,29.96,10,9,2,14,5,20,0.03
1008,36.11,30.56,25,24.44,23.33,22.22,94,72,49,29.95,10,10,4,15,5,23,0.01
1009,31.11,26.11,21.11,24.44,22.78,20.56,100,83,65,29.98,10,9,0,13,4,21,0.76
1010,22.78,21.11,19.44,22.22,20.56,16.67,100,89,78,30.08,10,7,1,13,6,20,1.22
1011,26.67,23.33,19.44,17.78,16.67,16.11,87,71,54,30.07,10,10,10,9,3,13,0
1012,31.67,25,18.33,18.33,15.56,11.11,93,61,29,30.04,10,10,10,8,1,11,0
1013,30,23.89,17.22,16.67,12.78,10,87,61,34,30.15,10,10,10,12,5,21,0
1014,28.33,22.22,15.56,12.78,11.11,10,73,54,34,30.14,10,10,10,8,2,12,0
1015,26.67,21.11,15,16.11,13.33,11.67,87,65,42,30.06,10,10,10,7,1,13,0
1016,29.44,22.22,14.44,15.56,14.44,11.67,93,65,37,30.02,10,10,10,8,2,11,0
1017,30.56,23.89,16.67,17.78,16.11,15,90,66,42,29.91,10,10,9,10,3,14,0
1018,32.78,27.22,21.11,22.22,20.56,18.33,90,69,47,29.8,10,10,8,12,5,20,0
1019,33.33,28.89,23.89,23.33,22.22,20,94,72,49,29.87,10,10,10,13,5,21,0
1020,33.33,28.89,24.44,23.33,22.22,20,94,71,47,29.91,10,10,10,16,5,23,0
1021,31.67,24.44,17.22,22.78,20.56,14.44,94,74,53,30.02,10,10,7,16,5,26,0
1022,30,23.33,16.11,17.22,15.56,13.89,90,69,48,30.18,10,10,10,9,5,16,0
1023,28.89,21.67,14.44,14.44,8.33,5,73,49,24,30.21,10,10,10,8,4,14,0
1024,28.89,20,11.11,11.11,7.78,3.89,83,53,23,30.16,10,10,10,7,1,11,0
1025,31.11,21.67,11.67,15,11.67,8.89,83,57,30,30.09,10,10,10,9,1,13,0
1026,32.78,24.44,16.11,22.22,18.33,13.89,84,66,47,30.04,10,10,10,10,3,17,0
1027,31.67,26.11,20,22.78,20.56,16.67,94,73,51,30.09,10,10,4,12,2,16,0.17
1028,30.56,25,19.44,21.67,19.44,16.67,100,74,48,30.1,10,7,0,14,3,24,0
1029,32.78,27.22,21.67,21.67,21.11,19.44,93,70,47,30.02,10,10,10,12,4,21,0
1030,34.44,29.44,23.89,22.22,21.11,17.78,87,66,44,29.94,10,10,10,14,5,20,0
1031,34.44,28.89,23.33,22.22,21.11,17.22,93,69,44,29.86,10,10,10,12,6,23,0
1032,33.89,28.89,23.89,22.78,21.67,18.89,87,67,47,29.85,10,10,10,13,6,22,0
1033,33.33,28.89,23.89,23.33,21.67,18.89,94,71,47,29.93,10,10,10,12,5,18,0
1034,28.33,23.33,18.33,21.11,16.11,6.67,93,60,26,30.07,10,10,10,17,7,29,0
1035,25,18.33,11.67,8.33,7.22,5,71,50,28,30.23,10,10,10,9,3,15,0
1036,26.67,17.78,8.33,8.89,7.22,5,86,57,27,30.17,10,10,10,9,2,16,0
1037,28.89,21.11,12.78,16.67,12.78,8.33,86,63,39,30.15,10,10,10,13,3,19,0
1038,30,25,19.44,19.44,17.78,16.11,93,71,48,30.19,10,10,10,10,4,16,0
1039,30,25,19.44,18.89,17.22,15,100,72,44,30.16,10,8,1,10,3,17,0
1040,30.56,24.44,17.78,18.89,16.67,15.56,93,69,44,30.12,10,10,10,10,2,14,0
1041,31.11,24.44,17.78,19.44,16.67,14.44,93,68,43,30.16,10,10,10,9,3,14,0
1042,30,23.33,16.11,17.78,15.56,13.89,90,67,44,30.16,10,10,10,12,2,16,0
1043,30,23.89,17.78,18.33,16.67,14.44,93,68,42,30.13,10,10,8,12,2,21,0
1044,30.56,24.44,18.33,19.44,17.22,12.22,100,67,34,30.11,10,10,8,10,2,14,0
1045,30,22.78,15.56,20.56,16.67,14.44,100,72,44,30.05,10,8,0,12,3,17,0
1046,32.78,27.22,21.67,22.78,21.67,17.78,100,72,44,29.98,10,9,1,15,5,22,0.33
1047,31.11,27.22,22.78,23.33,22.22,20.56,100,78,55,30.06,10,9,5,12,6,17,0.01
1048,26.67,23.33,20,22.78,21.11,18.89,93,84,74,30.19,10,8,0,16,5,25,1.07
1049,22.78,21.67,20,19.44,18.89,17.78,93,89,84,30.24,10,9,6,8,4,11,0
1050,22.22,20,17.22,20,18.89,15,100,91,81,30.22,10,6,1,7,2,12,0.24
1051,24.44,20,15,19.44,15.56,13.89,93,85,76,30.13,10,10,5,12,2,20,0.07
1052,21.67,18.89,16.11,20.56,18.33,16.11,100,94,87,30.09,10,5,1,7,2,12,0.08
1053,20.56,18.89,16.67,18.89,17.78,16.67,100,92,84,30.16,10,8,2,10,4,16,0.49
1054,18.33,17.22,15.56,16.67,16.11,14.44,100,94,87,30.23,10,6,1,10,6,17,0.17
1055,21.67,17.78,13.33,14.44,12.78,11.67,90,72,53,30.29,10,10,8,8,3,12,0
1056,23.33,18.33,12.78,15.56,13.89,12.22,100,79,57,30.25,10,8,2,8,2,12,0
1057,25,19.44,13.89,14.44,13.89,12.22,93,72,50,30.22,10,8,1,9,4,13,0
1058,24.44,18.33,12.22,14.44,12.78,11.11,93,75,57,30.18,10,10,9,7,2,12,0
1059,27.78,20.56,13.33,16.67,14.44,12.78,100,74,48,30.09,10,6,0,9,2,16,0
1060,30,22.78,15,14.44,12.78,10.56,87,60,32,30.04,10,10,10,8,2,14,0
1061,30,21.67,12.78,13.89,11.11,9.44,86,58,30,29.97,10,10,10,9,3,18,0
1062,27.78,21.11,14.44,18.89,16.11,12.22,100,74,47,29.9,10,9,1,15,7,26,0
1063,26.11,18.89,11.11,20,12.78,-0.56,90,62,34,30.1,10,10,10,17,7,29,0
1064,17.22,11.11,5,0.56,-1.11,-3.33,67,46,25,30.54,10,10,10,13,5,22,0
1065,19.44,10.56,1.67,2.22,0,-2.78,85,55,24,30.35,10,10,10,10,2,15,0
1066,25,16.11,6.67,13.89,8.89,2.22,84,64,43,30.09,10,10,10,13,5,21,0
1067,24.44,20.56,16.67,20.56,17.78,13.89,97,83,69,29.94,10,9,2,13,5,23,0.49
1068,22.78,16.67,10.56,20.56,12.22,7.22,100,71,41,30.11,10,9,2,14,3,24,0.13
1069,24.44,16.11,7.78,15.56,11.11,7.22,93,70,46,30.19,10,10,10,8,1,12,0
1070,18.89,16.11,12.78,15.56,13.89,9.44,97,87,77,30.32,10,10,6,10,4,14,0.03
1071,21.11,16.67,11.67,13.33,10.56,8.33,83,69,55,30.31,10,10,10,7,2,9,0
1072,24.44,18.89,13.33,18.33,15,10.56,86,75,64,29.93,10,10,10,14,6,26,0
1073,26.11,18.33,10.56,18.89,9.44,0.56,84,53,21,29.57,10,10,10,17,6,28,0
1074,26.11,17.78,9.44,8.89,5.56,3.33,80,53,25,29.67,10,10,10,8,3,12,0
1075,19.44,12.78,5.56,5.56,0.56,-3.33,66,45,24,30.02,10,10,10,13,4,20,0
1076,20.56,11.67,2.78,6.11,1.11,-0.56,85,56,27,30.08,10,10,10,12,3,16,0
1077,17.78,14.44,10.56,13.89,9.44,6.11,90,77,63,30.05,10,10,5,10,4,17,0.22
1078,11.11,10.56,9.44,10,9.44,8.33,100,95,89,29.97,10,6,2,12,6,21,1.29
1079,11.67,10.56,9.44,9.44,8.89,7.78,93,88,83,30.01,10,8,2,13,6,19,0.37
1080,11.11,10,8.33,10,8.89,7.78,100,95,89,29.85,10,5,1,10,3,17,0.63
1081,14.44,10.56,6.11,8.89,7.22,6.11,100,84,67,29.94,10,8,0,17,4,27,0
1082,13.33,8.89,3.89,8.89,7.22,3.89,100,86,72,30.11,10,7,2,13,3,19,0
1083,11.11,6.67,2.22,6.67,-0.56,-6.67,83,68,52,30.49,10,10,9,21,10,32,0
1084,7.78,4.44,0.56,-3.33,-6.67,-8.89,56,45,34,30.6,10,10,10,12,5,18,0
1085,11.11,6.67,1.67,10,2.78,-2.78,96,75,54,30.37,10,8,2,9,3,15,0
1086,19.44,15,10,16.11,12.78,10,100,91,81,30.04,10,5,0,14,4,25,0.02
1087,19.44,13.89,7.78,11.11,8.33,5,93,73,52,30.02,10,10,10,10,3,17,0
1088,25,17.78,10,15.56,12.22,7.78,100,73,46,30.01,10,7,1,14,4,22,0
1089,13.89,10,6.11,8.89,6.11,3.33,89,78,66,30.18,10,10,7,12,4,17,0
1090,12.22,10,7.22,6.11,5.56,4.44,92,78,63,30.31,10,7,2,12,5,20,0
1091,19.44,15,10.56,16.11,12.22,5,96,82,68,29.94,10,8,2,12,5,21,0
1092,24.44,12.78,1.11,19.44,15,-6.11,100,80,59,29.78,10,6,2,21,6,35,0
1093,2.78,0,-3.33,-7.78,-11.11,-12.22,58,48,38,30.49,10,10,10,21,12,35,0
1094,7.22,1.11,-5,-8.33,-11.11,-13.33,59,42,24,30.68,10,10,10,13,5,21,0
1095,15,8.33,1.67,-3.89,-6.67,-9.44,59,40,20,30.46,10,10,10,7,2,11,0
1096,21.67,13.89,6.11,4.44,0,-3.89,55,41,27,30.2,10,10,10,12,4,19,0
1097,20,15,10,4.44,2.22,0.56,63,48,32,30.26,10,10,9,12,4,19,0
1098,20,15.56,11.11,17.78,12.22,2.78,100,74,47,30.1,10,6,0,7,1,10,0.01
1099,25.56,22.22,18.33,20,18.89,17.78,100,85,69,30.02,10,9,5,17,7,28,0
1100,26.67,23.33,20,19.44,18.33,17.78,90,74,58,29.94,10,10,10,17,9,32,0
1101,28.89,25,21.11,21.11,20.56,19.44,93,74,55,30.11,10,10,7,12,4,20,0
1102,24.44,20.56,16.67,20,14.44,8.33,97,72,46,30.2,10,10,10,7,1,11,0
1103,28.33,22.78,16.67,19.44,17.78,13.33,93,72,51,30.08,10,9,4,12,3,20,0
1104,21.11,15.56,9.44,18.33,-2.78,-8.89,84,51,18,30.38,10,10,10,18,9,30,0
1105,12.78,11.11,9.44,1.11,-5,-7.78,48,38,27,30.31,10,10,10,12,4,16,0
1106,25,17.78,10.56,16.11,10.56,2.22,90,70,50,29.9,10,10,4,10,3,18,0
1107,22.78,17.22,11.67,15.56,11.11,3.89,97,74,43,29.85,10,8,0,7,2,0,0
1108,22.78,17.78,11.11,16.67,12.22,6.67,100,79,38,29.85,10,8,1,15,5,25,0.4
1109,23.89,15.56,6.67,6.67,3.89,-0.56,80,52,24,30.04,10,10,10,12,4,23,0
1110,8.89,5.56,2.78,-0.56,-2.22,-4.44,68,58,48,30.13,10,10,10,10,6,17,0
1111,16.67,9.44,1.11,8.33,1.67,-7.78,79,64,50,29.96,10,10,7,15,4,28,0
1112,1.11,-1.67,-5,-7.78,-9.44,-10.56,60,55,49,30.31,10,10,10,17,10,28,0
1113,6.67,0,-7.22,-10.56,-11.67,-14.44,73,48,22,30.74,10,10,10,12,4,21,0
1114,11.67,2.78,-6.11,0,-7.78,-11.67,81,50,19,30.64,10,10,10,14,4,22,0
1115,21.67,13.89,6.11,12.78,8.33,1.67,89,69,49,30.3,10,10,10,15,5,27,0
1116,26.11,20.56,15,14.44,13.33,11.67,90,66,42,30.02,10,10,10,17,7,35,0
1117,26.67,21.11,15,17.22,15.56,13.89,93,72,51,29.95,10,10,9,16,8,29,0
1118,27.22,23.33,19.44,18.33,17.22,15,87,70,52,30.04,10,10,7,14,8,26,0
1119,25.56,19.44,13.33,20.56,17.22,10.56,100,74,48,30.25,10,8,0,14,7,24,0.65
1120,13.33,11.11,8.33,10.56,10,7.78,100,92,83,30.33,9,3,1,8,4,13,0.07
1121,22.78,16.67,10.56,18.89,15,10,100,87,73,30.01,10,4,1,17,5,29,0.61
1122,21.11,17.78,14.44,16.11,13.33,10.56,97,78,58,29.97,10,9,1,9,1,16,0.3
1123,15,12.22,8.89,12.78,8.89,7.78,100,86,72,30.11,10,7,0,14,6,22,1.57
1124,13.33,11.11,8.33,11.11,8.89,7.78,100,93,86,30.09,10,8,2,9,4,14,0.51
1125,21.67,16.67,11.11,12.78,11.11,10,100,79,57,29.83,10,10,10,12,3,18,0
1126,24.44,16.67,8.33,12.78,10,7.78,93,66,38,29.74,10,9,5,8,1,11,0
1127,27.22,18.33,8.89,14.44,10.56,0.56,100,62,23,29.58,10,7,0,21,6,38,0.02
1128,21.11,16.67,11.67,5.56,1.11,-2.78,47,38,28,29.75,10,10,10,24,11,43,0
1129,24.44,16.11,7.78,3.89,2.22,1.11,65,44,23,29.94,10,10,10,10,4,16,0
1130,28.89,19.44,10,17.78,10.56,2.22,87,62,37,29.71,10,10,10,14,7,25,0
1131,20.56,15,8.89,17.22,2.22,-2.78,84,53,22,29.92,10,10,10,15,7,24,0
1132,15,10,4.44,-1.11,-2.78,-4.44,64,46,28,30.27,10,10,10,10,3,14,0
1133,14.44,8.89,3.33,-1.11,-4.44,-6.11,70,48,26,30.35,10,10,10,13,5,19,0
1134,16.11,10,3.89,2.78,-0.56,-6.11,82,52,22,30.35,10,10,10,14,6,22,0
1135,21.11,12.78,4.44,1.11,-1.11,-2.22,65,44,22,30.32,10,10,10,14,6,22,0
1136,26.11,17.22,8.33,1.67,-1.11,-3.33,61,38,15,30.19,10,10,10,12,5,18,0
1137,25.56,16.11,6.67,10,2.22,-1.67,67,44,21,30.03,10,10,10,13,4,21,0
1138,27.78,19.44,10.56,15,11.11,7.22,100,68,35,29.98,10,8,2,14,4,20,0
1139,17.78,12.78,7.78,3.89,1.67,0,65,52,39,30.22,10,10,10,13,7,20,0
1140,11.67,9.44,7.22,2.78,1.11,-0.56,61,57,53,30.37,10,10,10,13,6,21,0
1141,10.56,9.44,8.33,11.11,7.78,2.22,100,77,54,30.24,10,4,1,9,1,12,0.02
1142,22.22,16.67,10.56,17.78,15,10.56,100,89,78,30.06,10,6,0,12,3,19,0
1143,25.56,22.78,19.44,19.44,18.33,17.22,93,76,58,29.91,10,9,3,12,5,22,0
1144,30,21.67,13.33,18.89,12.22,2.22,100,59,17,29.8,10,8,2,13,2,22,0
1145,30.56,20.56,10.56,7.78,5,0.56,77,49,21,29.88,10,10,10,18,5,26,0
1146,20,13.33,6.11,2.78,-0.56,-2.22,54,39,24,30.28,10,10,10,10,5,19,0
1147,26.11,18.33,10.56,17.22,10.56,2.22,87,70,52,30.16,10,10,7,7,3,22,0
1148,30,24.44,18.89,19.44,17.78,16.67,93,71,48,29.99,10,8,5,12,6,21,0
1149,26.11,22.78,18.89,18.89,16.11,9.44,93,73,52,30.09,10,9,5,14,5,21,0
1150,25.56,21.67,17.22,17.78,12.78,5.56,84,63,42,30.05,10,10,10,18,9,28,0
1151,19.44,13.89,8.33,16.67,8.33,2.78,93,80,66,29.94,10,8,2,20,9,32,0.86
1152,18.33,12.22,6.11,3.33,0.56,-2.78,82,53,24,30.16,10,10,10,16,7,24,0
1153,21.11,12.78,4.44,3.89,2.22,1.11,79,54,28,30.1,10,10,10,12,3,15,0
1154,25,17.78,10,15.56,10,5,93,67,41,29.85,10,10,10,13,6,22,0
1155,30,23.33,16.67,17.78,13.33,7.22,90,58,26,29.78,10,10,10,12,6,20,0
1156,27.22,21.67,16.11,20,18.89,15,90,76,62,29.84,10,7,2,20,8,37,0.09
1157,21.11,17.78,14.44,15,13.89,12.22,100,80,59,29.95,10,8,1,21,4,34,1.12
1158,27.78,19.44,11.11,12.78,6.11,2.78,100,61,21,29.97,10,10,9,15,6,26,0
1159,30.56,20.56,10.56,9.44,7.22,4.44,71,48,24,29.86,10,10,10,10,3,15,0
1160,32.22,22.78,12.78,15.56,9.44,5.56,73,50,26,29.64,10,10,10,15,5,25,0
1161,26.67,19.44,12.22,10,1.67,-2.22,43,31,18,29.8,10,10,10,17,6,23,0
1162,17.22,12.22,6.67,0.56,-2.22,-5.56,58,42,25,30.13,10,10,10,13,6,22,0
1163,22.22,13.89,5.56,17.78,10,0.56,93,77,60,29.95,10,10,9,12,3,18,0
1164,27.78,23.33,18.89,18.89,18.33,17.78,93,76,58,29.92,10,8,4,13,6,21,0
1165,26.67,23.89,20.56,20,19.44,18.89,90,79,67,29.89,10,7,2,14,7,24,0
1166,22.78,17.78,12.22,19.44,7.22,-5,93,59,24,30.08,10,9,7,21,8,29,0
1167,18.89,14.44,9.44,-2.22,-5.56,-7.22,42,30,18,30.4,10,10,10,13,5,23,0
1168,21.67,13.33,4.44,3.33,-1.67,-4.44,70,45,19,30.48,10,10,10,14,6,23,0
1169,15,13.89,12.22,13.89,11.11,3.89,100,72,44,30.33,10,6,2,13,4,18,0.66
1170,23.89,18.89,13.89,18.33,15.56,13.89,100,84,68,30.11,10,6,1,12,4,19,0.27
1171,28.89,24.44,20,19.44,18.89,17.78,93,76,58,29.94,10,10,10,16,9,29,0
1172,25,20.56,16.11,19.44,10.56,1.11,93,61,29,30.12,10,10,5,17,6,25,0
1173,24.44,20,15.56,17.78,10,0.56,78,56,34,30.23,10,10,10,12,4,17,0
1174,26.67,23.33,19.44,18.89,17.78,15,93,79,64,30.13,10,10,6,14,5,23,0
1175,28.33,22.78,16.67,18.33,16.67,15,93,70,47,30.11,10,10,10,12,2,18,0
1176,18.89,17.78,16.11,17.78,16.67,15,100,94,87,30.09,10,6,1,9,4,15,0.73
1177,16.67,12.78,8.33,15.56,8.33,6.11,93,85,77,30.21,10,9,4,18,7,31,0.01
1178,21.11,14.44,8.89,11.11,8.89,7.78,100,85,44,30.14,10,6,2,12,3,18,0.01
1179,22.78,13.89,4.44,7.78,6.11,5,57,46,35,30.24,10,10,10,12,3,18,0
1180,23.89,16.67,9.44,12.22,9.44,6.67,86,64,41,30.26,10,9,0,14,6,21,0
1181,26.11,20.56,14.44,17.22,15,12.78,100,78,56,30.19,10,7,2,14,6,24,0.02
1182,28.33,23.33,18.33,17.78,16.67,16.11,87,69,51,30.12,10,10,9,15,8,24,0
1183,28.89,23.89,18.33,18.89,17.22,16.11,93,72,51,30.23,10,10,7,10,4,16,0
1184,29.44,23.89,18.33,18.33,16.67,15,93,69,44,30.2,10,10,9,12,6,21,0
1185,29.44,23.89,17.78,18.33,15.56,11.67,87,63,39,30.11,10,10,10,13,7,21,0
1186,29.44,23.33,17.22,17.22,16.11,15,93,70,47,30.06,10,10,8,13,8,23,0
1187,28.33,24.44,20,17.78,16.67,14.44,87,67,47,30.07,10,10,10,14,7,23,0
1188,29.44,23.89,18.33,17.22,15,6.11,87,56,24,30.02,10,10,10,24,10,38,0
1189,28.33,22.22,15.56,21.67,17.22,10.56,90,68,45,29.91,10,8,2,17,6,28,0.05
1190,28.89,20.56,11.67,10.56,7.78,5,71,48,25,29.97,10,10,10,12,4,17,0
1191,30,23.89,17.22,18.89,16.11,10.56,93,67,40,29.84,10,8,2,18,8,27,0
1192,30,25.56,21.11,19.44,18.89,18.33,90,73,55,29.83,10,9,4,13,5,20,0
1193,30,25.56,21.11,20,18.89,15.56,90,67,44,29.78,10,8,4,22,10,35,0
1194,28.89,22.22,15.56,20,13.33,5.56,100,62,24,29.76,10,8,1,15,5,27,0.73
1195,27.78,20,12.22,10,7.78,3.89,77,50,23,29.85,10,10,10,15,4,26,0
1196,30,21.67,12.78,15,11.67,8.89,80,56,32,29.76,10,10,10,18,6,27,0
1197,24.44,21.67,18.33,18.33,17.22,15,93,79,64,29.82,10,10,10,16,8,26,0
1198,25,19.44,13.89,19.44,16.11,10.56,93,74,54,29.75,10,7,1,16,6,29,0.71
1199,32.22,21.11,9.44,12.22,10.56,8.33,93,58,23,29.72,10,10,10,10,2,17,0
1200,31.67,23.89,15.56,16.67,12.78,10,72,52,32,29.67,10,10,10,14,5,22,0
1201,23.89,17.78,11.11,6.11,3.89,2.22,63,45,27,30.04,10,10,10,21,8,34,0
1202,26.11,17.78,9.44,8.33,6.11,4.44,77,52,27,30.21,10,10,10,9,3,15,0
1203,27.22,19.44,11.11,10.56,8.89,6.67,77,55,32,30.17,10,10,10,12,4,20,0
1204,27.78,20.56,13.33,16.67,14.44,11.11,93,72,51,29.99,10,10,10,15,7,26,0
1205,27.22,23.33,18.89,18.89,17.78,16.11,87,73,58,29.9,10,10,10,15,8,26,0
1206,26.67,24.44,21.67,22.78,20.56,18.33,90,82,74,29.98,10,8,1,13,7,22,0.1
1207,22.22,19.44,16.67,21.11,18.33,15,100,94,87,30.12,10,8,1,10,4,18,0.34
1208,25.56,21.11,16.11,18.33,16.11,15,97,79,60,30.16,10,10,7,10,4,15,0
1209,27.78,23.89,19.44,18.89,17.78,14.44,100,77,54,30.14,10,9,5,14,6,23,0
1210,28.89,23.89,18.33,17.78,16.67,13.89,93,69,45,30.07,10,10,5,12,5,20,0
1211,28.89,24.44,19.44,18.89,17.78,17.22,87,71,54,30.03,10,10,9,14,7,25,0
1212,28.89,25,20.56,20,18.89,18.33,90,73,55,30.01,10,10,10,14,6,21,0
1213,26.67,22.22,17.22,19.44,18.33,13.89,90,80,69,30,10,10,6,16,5,26,0
1214,27.78,22.22,16.11,18.33,16.67,14.44,90,73,55,30,10,10,10,10,4,16,0
1215,29.44,25,20,18.89,18.33,17.78,87,71,55,30.02,10,10,9,14,6,22,0
1216,31.11,26.11,21.11,20,19.44,18.33,90,73,55,30,10,10,10,12,6,20,0
1217,31.67,26.67,21.67,19.44,18.89,18.33,84,66,48,29.86,10,10,9,14,7,23,0
1218,22.78,18.33,13.89,19.44,12.78,6.67,86,69,52,29.99,10,10,4,14,7,23,0.01
1219,25,17.78,10,6.67,5.56,4.44,71,50,29,30.1,10,10,10,14,5,22,0
1220,27.78,18.33,8.89,12.22,9.44,6.67,86,61,35,29.87,10,10,10,14,4,22,0
1221,32.22,24.44,16.67,21.11,18.33,12.22,90,73,55,29.58,10,10,10,16,7,26,0
1222,32.78,25,16.67,21.11,13.89,2.78,84,51,17,29.56,10,10,8,18,8,30,0
1223,30,21.11,11.67,17.78,10,6.67,84,58,31,29.72,10,10,10,15,7,26,0
1224,35,28.33,21.11,22.22,20,17.22,84,64,43,29.58,10,9,7,17,9,26,0
1225,33.33,26.11,18.89,22.78,18.89,6.67,82,64,45,29.59,10,7,4,18,9,30,0.01
1226,25.56,18.33,11.11,12.22,6.67,1.67,63,43,22,29.89,10,10,7,18,6,33,0.05
1227,32.78,21.67,10.56,13.33,8.89,5.56,77,50,23,29.93,10,10,10,14,6,23,0
1228,33.33,25,16.67,17.22,13.33,8.33,84,57,30,29.9,10,10,10,16,7,25,0
1229,35,26.67,17.78,22.22,18.89,8.33,93,66,39,29.8,10,9,5,18,8,31,0
1230,26.11,21.11,15.56,8.33,6.11,3.89,60,43,25,30.03,10,10,10,18,8,34,0
1231,30,21.67,12.78,8.89,5.56,3.33,67,44,20,30.03,10,10,10,13,4,20,0
1232,32.78,22.78,12.22,11.67,9.44,7.78,77,52,27,29.95,10,10,10,12,4,17,0
1233,31.11,23.89,16.11,15,13.89,13.33,78,56,34,29.94,10,10,10,15,6,23,0
1234,28.89,23.33,17.78,17.22,16.11,14.44,87,66,45,29.97,10,10,10,16,8,23,0
1235,24.44,21.67,18.89,22.22,20,17.22,93,86,78,29.96,10,9,2,12,6,18,0.04
1236,28.33,25,21.67,21.11,20,18.89,90,76,62,29.91,10,9,7,14,7,23,0
1237,31.11,26.67,21.67,22.22,21.11,19.44,93,73,53,29.88,10,7,2,15,3,25,0.22
1238,31.11,24.44,17.22,21.11,13.89,10,93,61,29,29.9,10,9,4,14,7,25,0
1239,31.67,23.33,14.44,14.44,12.22,11.11,80,54,27,29.91,10,10,10,10,3,16,0
1240,33.89,25.56,16.67,18.33,16.11,14.44,90,63,36,29.89,10,10,10,13,5,20,0
1241,33.33,26.67,19.44,18.89,17.78,17.22,93,67,41,29.9,10,10,9,15,7,24,0
1242,30,25.56,21.11,20.56,19.44,18.33,90,74,57,29.8,10,10,10,20,9,32,0
1243,32.22,26.67,21.11,23.33,20.56,14.44,100,67,34,29.77,10,8,2,14,5,24,0.12
1244,34.44,28.89,22.78,22.78,21.67,18.33,94,72,49,29.75,10,8,5,20,10,33,0
1245,35,29.44,23.89,21.67,20.56,19.44,87,64,41,29.74,10,10,10,18,9,28,0
1246,28.89,23.89,18.89,21.67,19.44,18.33,93,77,61,29.89,10,9,1,15,4,23,1.22
1247,25.56,21.11,16.67,19.44,16.11,13.89,93,74,54,30.05,10,8,1,14,6,25,0.67
1248,25,20.56,16.11,18.33,16.67,14.44,93,81,69,29.99,10,10,7,9,4,16,0.02
1249,30,22.22,14.44,18.33,16.67,10.56,100,73,45,29.89,10,8,2,21,5,33,0.07
1250,30.56,22.22,13.33,12.78,9.44,6.11,86,54,21,29.83,10,10,10,12,5,19,0
1251,34.44,25.56,16.67,21.11,15.56,11.11,76,55,34,29.72,10,10,10,17,7,29,0
1252,33.33,28.89,23.89,23.89,22.22,21.11,87,70,52,29.81,10,10,7,13,6,24,0
1253,36.11,30.56,24.44,24.44,23.33,22.22,94,71,48,29.85,10,6,2,15,7,23,0.01
1254,34.44,26.67,18.89,22.78,21.67,16.67,93,73,52,29.87,10,9,2,18,4,34,0.47
1255,31.11,25.56,20,20.56,19.44,17.78,93,70,46,30,10,10,10,8,2,11,0
1256,31.11,25.56,20,20,18.89,17.22,90,68,45,30.02,10,10,10,8,2,14,0
1257,29.44,25,20,21.11,20,16.67,97,74,51,30.01,10,10,9,17,2,26,0.02
1258,31.67,25.56,19.44,21.67,20,18.33,97,75,53,29.95,10,10,9,10,4,16,0
1259,33.33,28.33,23.33,22.22,21.67,18.89,93,70,47,29.92,10,10,10,12,5,16,0
1260,33.33,27.78,21.67,22.78,21.67,18.33,94,69,44,29.9,10,10,2,12,4,20,0.24
1261,32.78,26.67,20,21.67,20.56,18.89,100,76,52,29.83,10,9,2,12,1,24,0.17
1262,32.22,25.56,18.89,21.11,20,18.33,100,72,44,29.74,10,9,0,25,3,41,1.39
1263,33.33,27.22,21.11,21.11,18.89,15.56,97,67,36,29.82,10,10,10,14,5,25,0
1264,35,28.33,21.11,20,16.67,12.22,84,55,26,29.9,10,10,10,9,3,17,0
1265,33.89,28.33,22.78,20,18.89,17.78,79,60,41,29.9,10,10,10,9,4,14,0
1266,32.22,27.78,23.33,21.67,20.56,18.33,87,69,50,29.87,10,10,10,13,6,20,0
1267,33.89,27.78,21.11,20.56,18.33,15,84,62,40,29.86,10,10,10,14,6,21,0
1268,33.89,28.33,22.78,21.11,20,16.67,87,62,36,29.9,10,10,10,13,7,21,0
1269,34.44,29.44,23.89,22.22,20,16.67,87,62,36,29.89,10,10,2,15,7,22,0
1270,36.67,30.56,24.44,22.78,21.67,20,88,63,38,29.87,10,10,10,18,7,27,0
1271,35.56,30.56,25.56,23.33,21.67,19.44,85,63,41,29.9,10,10,7,14,8,23,0
1272,37.22,31.11,24.44,23.33,21.67,19.44,94,65,35,29.92,10,10,10,13,7,20,0
1273,36.67,31.11,25,22.78,21.11,18.89,82,60,38,29.82,10,10,10,16,7,29,0
1274,38.33,31.67,25,23.89,22.22,20,85,61,36,29.73,10,10,10,15,8,28,0
1275,37.78,31.67,25.56,23.33,21.67,19.44,85,60,35,29.75,10,10,10,13,7,23,0
1276,33.33,28.89,24.44,23.33,22.22,20,94,72,49,29.92,10,10,2,13,4,19,0.01
1277,36.67,30.56,24.44,22.22,20.56,18.89,82,60,38,29.92,10,10,10,10,5,17,0
1278,36.11,30,23.89,22.22,17.78,11.67,82,54,26,29.79,10,10,10,14,6,22,0
1279,37.22,31.11,24.44,22.22,19.44,17.78,74,54,33,29.67,10,10,10,10,5,17,0
1280,40,32.78,25.56,23.89,22.22,20,91,63,35,29.76,10,10,8,14,7,22,0
1281,29.44,26.11,22.22,24.44,21.67,18.89,85,70,55,30.02,10,8,1,13,5,23,0.14
1282,32.22,28.33,23.89,23.33,21.67,19.44,87,67,47,30.11,10,10,7,13,5,19,0.02
1283,32.78,27.78,22.22,23.33,22.22,19.44,100,74,47,30.08,10,8,1,15,2,22,1.07
1284,32.78,27.22,21.67,23.33,22.22,19.44,100,75,50,30,10,7,2,20,3,30,0.01
1285,33.33,27.78,21.67,22.22,21.11,19.44,93,70,47,29.91,10,10,10,10,4,18,0
1286,37.22,30.56,23.89,23.89,22.78,21.11,94,68,42,29.85,10,10,10,13,6,23,0
1287,36.67,31.67,26.11,23.89,22.78,21.11,85,64,42,29.88,10,10,10,16,8,27,0
1288,36.67,31.67,26.11,24.44,22.22,18.89,85,62,38,30.02,10,9,6,15,7,24,0
1289,37.78,31.67,25.56,23.89,22.22,18.89,91,63,35,30.06,10,10,8,14,6,25,0
1290,37.22,31.11,24.44,23.33,21.67,19.44,88,62,35,30,10,10,10,13,7,26,0
1291,38.33,32.22,25.56,23.33,22.22,18.89,85,60,35,29.97,10,10,10,13,7,28,0
1292,37.22,31.67,25.56,23.33,21.11,15.56,85,58,31,30.01,10,10,10,13,6,19,0
1293,37.78,31.67,25,23.33,21.67,17.22,88,60,31,30.06,10,10,10,12,4,20,0
1294,37.22,30.56,23.89,23.33,21.67,18.33,88,61,33,30.05,10,10,10,15,3,27,0.02
1295,37.78,31.11,23.89,21.67,19.44,16.67,87,59,31,30.02,10,10,10,9,3,17,0
1296,38.33,31.67,25,21.67,19.44,15.56,82,56,29,29.99,10,10,10,12,4,19,0
1297,37.78,31.11,24.44,22.22,18.33,14.44,87,57,26,29.95,10,10,10,12,5,20,0
1298,38.33,31.67,25,22.78,20.56,14.44,88,58,27,29.96,10,10,10,14,7,22,0
1299,38.33,31.67,25,22.78,21.11,15,88,59,29,29.99,10,10,10,13,6,20,0
1300,38.89,32.22,25,23.33,21.11,17.22,88,59,29,30.06,10,10,10,10,3,19,0
1301,38.33,31.67,25,23.33,20.56,16.11,88,58,27,30.07,10,10,10,15,4,22,0
1302,39.44,30.56,21.67,22.78,21.11,17.22,100,65,29,30.01,10,9,2,23,3,35,0.16
1303,37.22,28.89,20,21.67,20.56,18.33,100,67,33,29.93,10,9,6,12,3,24,0
1304,36.67,31.11,25,23.89,21.67,18.89,88,63,38,29.9,10,10,10,16,3,23,0
1305,37.78,31.11,24.44,23.33,21.11,18.33,88,61,33,29.98,10,10,10,14,5,20,0
1306,38.33,31.67,25,23.33,21.11,17.22,88,60,31,30.07,10,10,10,18,5,29,0
1307,39.44,32.22,25,23.89,20.56,16.11,85,56,27,30.03,10,10,10,14,5,22,0
1308,40,32.78,25,23.33,20,16.11,85,56,27,29.95,10,10,10,14,5,24,0
1309,39.44,32.22,25,23.33,20,16.11,88,58,27,29.9,10,10,10,13,6,22,0
1310,39.44,32.22,25,23.33,21.67,18.89,85,58,31,29.88,10,10,2,13,4,24,0.04
1311,38.89,31.67,24.44,23.89,21.67,13.33,91,60,29,29.95,10,10,9,13,3,19,0.01
1312,39.44,32.78,25.56,23.89,21.67,17.22,91,61,31,30.03,10,10,9,15,7,24,0
1313,39.44,32.78,25.56,23.89,21.11,16.11,91,58,25,30.03,10,10,10,15,6,27,0
1314,39.44,31.67,23.89,21.67,19.44,16.11,82,54,25,29.97,10,10,10,12,5,21,0
1315,40.56,32.78,24.44,21.67,17.78,12.78,87,54,20,29.9,10,10,10,14,5,20,0
1316,41.67,33.33,25,22.22,17.78,12.78,82,51,19,29.86,10,10,10,12,4,17,0
1317,41.11,33.89,26.11,21.11,20,17.22,69,48,27,29.91,10,10,10,13,4,20,0
1318,37.22,31.11,25,18.89,16.11,12.22,64,43,22,29.97,10,10,10,12,4,20,0
